Player1,Player2,Result,FSP.1,FSW.1,SSP.1,SSW.1,ACE.1,DBF.1,WNR.1,UFE.1,BPC.1,BPW.1,NPA.1,NPW.1,TPW.1,ST1.1,ST2.1,ST3.1,ST4.1,ST5.1,FSP.2,FSW.2,SSP.2,SSW.2,ACE.2,DBF.2,WNR.2,UFE.2,BPC.2,BPW.2,NPA.2,NPW.2,TPW.2,ST1.2,ST2.2,ST3.2,ST4.2,ST5.2
Serena Williams,Ashleigh Barty,1,59,20,41,8,6,2,31,17,5,10,10,11,58,6,6,0,0,0,51,14,49,11,1,4,5,18,0,0,2,4,31,2,1,0,0,0
Vesna Dolonc,Lara Arruabarrena,1,65,33,35,10,7,4,7,4,5,10,0,0,78,2,6,6,0,0,62,33,38,10,0,3,0,3,4,7,0,0,74,6,2,4,0,0
Pauline Parmentier,Karolina Pliskova,0,63,16,37,4,3,6,3,6,0,2,0,0,37,0,1,0,0,0,60,26,40,7,5,0,5,0,5,14,0,0,64,6,6,0,0,0
Heather Watson,Daniela Hantuchova,0,61,41,39,19,8,3,27,45,4,7,10,13,88,5,6,3,0,0,68,43,32,10,6,2,37,44,5,13,5,8,102,7,3,6,0,0
Samantha Stosur,Klara Zakopalova,1,65,28,35,11,6,1,19,18,7,10,7,10,74,6,6,0,0,0,50,18,50,7,1,5,27,27,4,14,10,15,60,3,4,0,0,0
Tsvetana Pironkova,Silvia Soler-Espinosa,1,62,28,38,12,5,0,30,21,3,5,4,7,68,6,6,0,0,0,50,18,50,14,3,2,11,23,0,3,6,6,44,3,2,0,0,0
Annika Beck,Petra Martic,1,67,18,33,8,0,0,8,10,6,11,3,3,52,6,6,0,0,0,50,8,50,4,2,6,7,34,0,2,3,7,25,0,0,0,0,0
Kiki Bertens,Ana Ivanovic,0,61,15,39,11,2,4,23,35,6,11,10,16,61,4,4,0,0,0,60,24,40,9,3,4,14,22,8,9,4,6,73,6,6,0,0,0
Roberta Vinci,Jie Zheng,0,66,23,34,7,3,3,20,28,3,10,7,12,56,4,3,0,0,0,68,26,32,10,0,2,26,25,5,7,1,2,67,6,6,0,0,0
Patricia Mayr-Achleitner,Madison Keys,0,71,48,29,14,0,1,0,1,5,12,0,0,113,2,7,7,0,0,52,45,48,30,11,4,11,4,8,10,0,0,135,6,6,9,0,0
Casey Dellacqua,Vera Zvonareva,1,66,22,34,13,0,0,10,19,4,10,1,2,67,6,6,0,0,0,65,22,35,9,2,4,14,43,0,1,5,8,40,2,2,0,0,0
Laura Robson,Kirsten Flipkens,0,57,14,43,5,2,5,12,32,0,0,6,10,27,3,0,0,0,0,57,18,43,11,7,2,14,4,5,6,2,4,54,6,6,0,0,0
Eugenie Bouchard,Hao Chen Tang,1,64,30,36,16,1,4,1,4,5,11,0,0,82,7,6,0,0,0,57,21,43,12,1,6,1,6,2,7,0,0,64,5,1,0,0,0
Alison Van Uytvanck,Virginie Razzano,0,54,32,46,15,5,4,22,40,2,7,4,6,78,6,6,0,0,0,58,39,42,18,7,9,21,41,2,3,8,11,82,7,7,0,0,0
Sachia Vickery,Lauren Davis,0,51,14,49,12,0,3,8,36,3,5,5,11,47,3,3,0,0,0,61,23,39,7,0,0,15,23,6,7,7,12,63,6,6,0,0,0
Julia Goerges,Sara Errani,1,50,20,50,15,4,2,39,36,5,9,7,10,65,6,6,0,0,0,77,21,23,5,1,0,6,11,2,5,4,4,49,3,2,0,0,0
Na Li,Ana Konjuh,1,76,24,24,7,3,0,20,18,5,12,13,19,61,6,6,0,0,0,50,13,50,9,0,5,7,25,0,1,3,6,36,2,0,0,0,0
Belinda Bencic,Kimiko Date-Krumm,1,53,25,47,15,5,5,27,44,10,20,7,14,94,6,4,6,0,0,71,31,29,10,1,4,29,47,8,13,9,17,87,4,6,3,0,0
Donna Vekic,Lucie Hradecka,0,47,17,53,9,1,2,1,2,0,5,0,0,37,3,1,0,0,0,54,23,46,12,9,4,9,4,4,7,0,0,58,6,6,0,0,0
Julia Glushko,Lucie Safarova,0,61,35,39,20,6,3,6,3,2,7,0,0,82,5,6,1,0,0,59,37,41,21,3,4,3,4,4,8,0,0,92,7,3,6,0,0
Ekaterina Makarova,Venus Williams,1,63,43,37,17,1,4,21,26,5,12,6,10,97,2,6,6,0,0,55,36,45,18,5,8,50,56,5,14,20,24,103,6,4,4,0,0
Anabel Medina Garrigues,Irina Falconi,0,86,18,14,3,0,1,0,1,2,4,0,0,41,3,1,0,0,0,53,18,47,13,3,3,3,3,6,7,0,0,60,6,6,0,0,0
Shahar Peer,Monica Niculescu,0,80,21,20,2,2,1,23,38,3,7,9,23,49,4,1,0,0,0,82,26,18,3,1,0,10,13,7,10,10,14,61,6,6,0,0,0
Mirjana Lucic-Baroni,Sabine Lisicki,0,43,17,57,8,2,10,11,26,0,7,0,3,51,2,1,0,0,0,52,32,48,15,7,6,28,24,4,8,10,14,75,6,6,0,0,0
Angelique Kerber,Jarmila Gajdosova,1,65,36,35,13,6,5,30,17,4,7,9,12,81,6,0,6,0,0,53,29,47,12,2,6,41,31,4,11,22,33,80,3,6,2,0,0
Caroline Garcia,Alla Kudryavtseva,0,58,22,42,15,3,7,3,7,4,6,0,0,77,2,6,0,0,0,58,37,42,14,3,4,3,4,6,10,0,0,93,6,7,0,0,0
Dinah Pfizenmaier,Yanina Wickmayer,0,48,24,52,23,3,12,3,12,2,15,0,0,87,6,3,0,0,0,58,38,42,15,6,8,6,8,4,7,0,0,95,7,6,0,0,0
Alison Riske,Elena Vesnina,1,64,24,36,8,4,3,15,16,4,8,5,5,57,6,6,0,0,0,62,17,38,10,2,4,9,31,0,0,1,1,34,2,2,0,0,0
Flavia Pennetta,Alexandra Cadantu,1,40,16,60,14,2,3,28,21,6,17,9,11,66,6,6,0,0,0,58,14,42,9,1,8,13,36,1,3,5,8,41,0,2,0,0,0
Monica Puig,Anna Tatishvili,1,61,30,39,13,8,5,25,27,4,5,6,6,68,6,6,0,0,0,68,20,32,5,0,4,10,23,1,8,6,7,48,2,4,0,0,0
Shuai Zhang,Mona Barthel,0,75,31,25,8,2,1,17,21,2,6,8,10,68,6,3,0,0,0,69,41,31,10,2,3,33,30,3,6,8,9,77,7,6,0,0,0
Luksika Kumkhum,Petra Kvitova,1,48,26,52,20,4,6,28,27,5,16,7,8,92,6,1,6,0,0,60,36,40,15,3,8,32,40,4,12,12,16,80,2,6,4,0,0
Jelena Jankovic,Misaki Doi,1,60,23,40,11,6,6,20,19,5,8,2,4,59,6,6,0,0,0,52,12,48,5,1,3,10,26,1,8,0,2,36,1,2,0,0,0
Nadiya Kichenok,Ayumi Morita,0,63,27,37,11,4,7,24,43,2,8,11,14,68,2,6,0,0,0,62,30,38,16,6,2,20,24,4,5,1,3,75,6,7,0,0,0
Kurumi Nara,Shuai Peng,1,74,39,26,10,1,6,23,37,8,16,2,4,103,7,4,6,0,0,63,40,37,16,3,5,36,54,6,10,4,6,96,5,6,3,0,0
Andrea Petkovic,Magdalena Rybarikova,0,68,23,32,6,1,4,15,31,1,3,7,11,48,2,3,0,0,0,67,27,33,8,4,1,18,16,5,8,9,16,66,6,6,0,0,0
Sorana Cirstea,Marina Erakovic,0,57,25,43,13,5,1,20,32,3,14,6,7,78,4,6,0,0,0,59,35,41,17,6,5,28,45,4,6,5,8,83,6,7,0,0,0
Zarina Diyas,Katerina Siniakova,1,74,33,26,6,1,4,1,4,5,6,0,0,72,6,6,0,0,0,57,22,43,10,2,3,2,3,2,6,0,0,58,2,4,0,0,0
Lesia Tsurenko,Varvara Lepchenko,0,63,35,37,20,1,3,9,34,3,9,0,1,92,6,3,4,0,0,64,42,36,15,3,5,32,52,3,9,11,13,93,2,6,6,0,0
Katarzyna Piter,Simona Halep,0,77,12,23,1,1,3,5,25,0,2,5,8,24,0,1,0,0,0,61,21,39,9,3,2,13,14,5,9,1,2,52,6,6,0,0,0
Carla Suarez Navarro,Vania King,1,79,31,21,4,0,1,17,19,4,5,6,9,61,6,6,0,0,0,69,20,31,5,1,2,12,28,1,2,5,14,42,3,2,0,0,0
Galina Voskoboeva,Irina-Camelia Begu,1,64,41,36,18,3,3,3,3,6,11,0,0,109,7,4,7,0,0,62,44,38,15,2,7,2,7,5,9,0,0,94,5,6,5,0,0
Kristina Mladenovic,Stefanie Voegele,0,48,29,52,19,3,8,23,41,1,1,14,22,61,5,5,0,0,0,66,32,34,13,7,1,19,20,3,12,5,7,76,7,7,0,0,0
Francesca Schiavone,Dominika Cibulkova,0,60,21,40,11,5,2,14,27,1,6,5,11,57,3,4,0,0,0,61,33,39,14,0,6,21,30,3,7,6,7,72,6,6,0,0,0
Alize Cornet,Polona Hercog,0,75,3,25,1,1,0,2,0,0,0,1,1,5,0,0,0,0,0,0,0,100,1,0,0,1,1,0,0,0,0,1,0,0,0,0,0
Camila Giorgi,Storm Sanders,1,51,38,49,23,5,13,27,47,4,12,3,7,97,4,6,6,0,0,63,35,37,12,2,3,13,34,2,7,4,4,81,6,1,4,0,0
Paula Ormaechea,Karin Knapp,0,57,26,43,7,2,7,2,7,2,3,0,0,56,4,2,0,0,0,61,26,39,8,4,3,4,3,5,10,0,0,69,6,6,0,0,0
Bethanie Mattek-Sands,Maria Sharapova,0,57,27,43,10,4,8,18,30,2,6,7,9,65,3,4,0,0,0,53,31,47,13,5,9,29,28,4,8,3,7,77,6,6,0,0,0
Agnieszka Radwanska,Yulia Putintseva,1,59,36,41,15,9,1,38,31,7,11,22,35,96,6,5,6,0,0,52,29,48,16,0,6,27,33,3,8,11,17,76,0,7,2,0,0
Olga Govortsova,Ying-Ying Duan,1,68,35,32,8,10,4,10,4,4,12,0,0,78,6,7,0,0,0,60,24,40,16,1,1,1,1,1,5,0,0,62,0,6,0,0,0
Carina Witthoeft,Mandy Minella,0,62,16,38,10,1,4,1,4,2,6,0,0,47,1,4,0,0,0,56,17,44,16,0,2,0,2,5,8,0,0,62,6,6,0,0,0
Teliana Pereira,Anastasia Pavlyuchenkova,0,68,43,32,14,3,7,3,7,2,4,0,0,84,6,4,0,0,0,62,32,38,15,3,5,3,5,3,12,0,0,93,7,6,0,0,0
Kaia Kanepi,Garbine Muguruza,0,64,27,36,12,6,3,22,39,3,9,3,4,69,2,6,2,0,0,51,28,49,20,5,4,26,31,5,12,1,3,85,6,2,6,0,0
Timea Babos,Anna Schmiedlova,0,60,46,40,17,8,11,8,11,5,24,0,0,120,6,4,5,0,0,66,54,34,23,5,5,5,5,6,14,0,0,126,4,6,7,0,0
Christina McHale,Yung-Jan Chan,1,71,31,29,11,4,3,4,3,5,9,0,0,77,7,6,0,0,0,68,28,32,10,0,6,0,6,3,3,0,0,66,5,4,0,0,0
Lourdes Dominguez Lino,Caroline Wozniacki,0,58,10,42,8,0,2,9,30,1,2,5,7,31,0,2,0,0,0,61,17,39,11,0,2,15,16,6,12,11,18,58,6,6,0,0,0
Sloane Stephens,Yaroslava Shvedova,1,75,31,25,7,1,1,22,27,6,12,1,3,82,7,6,0,0,0,58,22,42,10,3,13,14,43,4,6,3,6,61,6,3,0,0,0
Tadeja Majeric,Ajla Tomljanovic,0,72,54,28,10,4,7,4,7,3,6,0,0,99,6,6,4,0,0,49,36,51,25,5,6,5,6,3,6,0,0,97,3,7,6,0,0
Olivia Rogowska,Mariana Duque-Marino,1,63,25,37,10,2,6,21,31,6,13,4,5,66,6,6,0,0,0,67,18,33,5,4,4,10,32,3,8,2,6,47,3,3,0,0,0
Elina Svitolina,Svetlana Kuznetsova,1,61,26,39,8,5,5,27,21,5,12,12,18,65,6,6,0,0,0,48,20,52,11,1,4,17,24,2,4,4,5,53,3,3,0,0,0
Bojana Jovanovski,Jana Cepelova,1,76,43,24,11,0,1,0,1,9,13,0,0,100,6,6,6,0,0,69,28,31,7,2,5,2,5,5,12,0,0,81,7,1,3,0,0
Chanelle Scheepers,Yvonne Meusburger,0,53,27,47,12,2,13,2,13,4,7,0,0,71,6,4,0,0,0,68,32,32,12,1,5,1,5,5,11,0,0,80,7,6,0,0,0
Su-Wei Hsieh,Barbora Zahlavova Strycova,0,58,33,42,15,1,5,14,39,1,4,11,16,75,1,6,1,0,0,68,39,32,13,5,2,31,36,5,17,22,28,95,6,4,6,0,0
Johanna Larsson,Victoria Azarenka,0,72,24,28,5,2,5,13,29,3,10,4,5,59,6,2,0,0,0,75,41,25,4,0,7,27,32,5,5,15,17,80,7,6,0,0,0
Serena Williams,Vesna Dolonc,1,66,28,34,8,10,2,24,19,4,7,3,4,61,6,6,0,0,0,54,17,46,6,2,8,9,20,0,1,3,3,37,1,2,0,0,0
Karolina Pliskova,Daniela Hantuchova,0,55,50,45,28,11,6,57,60,3,14,15,17,123,3,6,1,0,0,59,53,41,28,9,8,43,35,4,9,10,14,129,6,3,1,0,0
Samantha Stosur,Tsvetana Pironkova,1,59,20,41,10,4,3,23,15,5,13,13,17,58,6,6,0,0,0,57,15,43,4,1,2,5,19,0,1,5,6,30,2,0,0,0,0
Annika Beck,Ana Ivanovic,0,75,13,25,3,0,3,10,29,2,3,5,8,35,1,2,0,0,0,54,16,46,13,2,2,16,17,6,7,0,1,57,6,6,0,0,0
Jie Zheng,Madison Keys,1,76,40,24,14,0,4,19,48,7,10,10,15,102,7,1,7,0,0,63,39,37,18,3,1,30,43,8,16,6,11,109,6,6,5,0,0
Casey Dellacqua,Kirsten Flipkens,1,73,22,27,6,1,0,15,15,6,19,7,10,61,6,6,0,0,0,48,15,52,10,0,7,17,29,1,1,10,13,38,3,0,0,0,0
Eugenie Bouchard,Virginie Razzano,1,50,26,50,17,4,2,25,25,5,10,3,7,84,6,7,0,0,0,75,32,25,6,2,1,27,42,3,9,13,17,71,2,6,0,0,0
Lauren Davis,Julia Goerges,1,69,51,31,15,0,6,14,20,3,7,5,7,94,7,2,6,0,0,71,45,29,11,6,1,42,47,3,13,12,15,98,5,6,4,0,0
Na Li,Belinda Bencic,1,60,27,40,12,4,2,30,31,5,7,2,5,67,6,7,0,0,0,54,21,46,8,2,5,12,19,2,2,3,4,53,0,6,0,0,0
Lucie Hradecka,Lucie Safarova,0,44,33,56,26,9,9,9,9,0,6,0,0,90,7,3,0,0,0,62,47,38,20,6,7,6,7,4,13,0,0,113,6,6,6,0,0
Ekaterina Makarova,Irina Falconi,1,56,26,44,14,4,6,18,28,5,13,9,14,74,6,7,0,0,0,74,22,26,10,0,2,18,40,2,4,3,7,55,2,5,0,0,0
Monica Niculescu,Sabine Lisicki,1,66,35,34,9,0,6,8,18,7,14,12,16,87,2,6,6,0,0,53,23,47,14,10,6,43,56,5,6,19,34,76,6,2,2,0,0
Angelique Kerber,Alla Kudryavtseva,1,59,24,41,11,3,1,22,10,4,13,3,4,65,6,6,0,0,0,63,25,37,8,4,2,23,24,1,2,11,17,47,4,2,0,0,0
Yanina Wickmayer,Alison Riske,0,63,13,37,6,3,3,14,30,0,2,3,7,36,1,1,0,0,0,78,27,22,6,4,2,15,8,5,10,2,3,60,6,6,0,0,0
Flavia Pennetta,Monica Puig,1,45,22,55,18,9,0,21,14,2,6,4,4,67,6,6,0,0,0,45,21,55,16,5,6,19,38,0,0,11,16,50,3,4,0,0,0
Mona Barthel,Luksika Kumkhum,1,63,44,37,18,3,6,25,33,4,5,11,20,92,4,6,6,0,0,58,38,42,13,4,8,37,39,3,7,7,8,94,6,3,4,0,0
Jelena Jankovic,Ayumi Morita,1,59,19,41,7,9,4,25,14,6,6,0,1,53,6,6,0,0,0,57,8,43,5,1,3,7,18,1,1,1,2,26,2,0,0,0,0
Kurumi Nara,Magdalena Rybarikova,1,66,26,34,15,0,2,8,26,4,4,5,10,59,6,6,0,0,0,52,16,48,8,4,1,13,38,2,5,7,11,51,4,3,0,0,0
Marina Erakovic,Zarina Diyas,0,50,15,50,8,2,5,15,27,1,10,3,4,46,4,0,0,0,0,70,27,30,10,1,1,27,15,5,5,2,2,66,6,6,0,0,0
Varvara Lepchenko,Simona Halep,0,63,34,37,10,1,4,23,47,2,2,9,10,66,6,0,1,0,0,58,29,42,16,0,3,10,19,6,15,1,2,90,4,6,6,0,0
Carla Suarez Navarro,Galina Voskoboeva,1,73,57,27,17,0,5,19,30,6,10,14,19,126,7,3,8,0,0,55,40,45,23,3,13,50,67,7,17,25,39,121,6,6,6,0,0
Stefanie Voegele,Dominika Cibulkova,0,42,11,58,1,3,1,12,22,1,5,2,3,30,0,1,0,0,0,68,21,32,8,0,2,17,13,6,9,4,5,55,6,6,0,0,0
Alize Cornet,Camila Giorgi,1,59,39,41,17,1,9,5,29,6,13,2,6,103,6,4,6,0,0,56,31,44,20,0,12,28,73,5,12,19,33,92,3,6,4,0,0
Karin Knapp,Maria Sharapova,1,53,40,47,23,3,9,20,55,6,9,6,7,112,3,6,8,0,0,60,44,40,23,2,12,34,67,7,20,6,6,124,6,4,1,0,0
Agnieszka Radwanska,Olga Govortsova,1,66,28,34,8,1,1,18,13,5,8,11,14,63,6,7,0,0,0,70,20,30,6,0,1,18,26,1,2,13,18,43,0,5,0,0,0
Mandy Minella,Anastasia Pavlyuchenkova,0,55,21,45,11,2,3,2,3,0,0,0,0,42,2,2,0,0,0,67,24,33,8,5,1,5,1,4,9,0,0,65,6,6,0,0,0
Garbine Muguruza,Anna Schmiedlova,1,56,23,44,11,6,6,24,33,6,8,4,9,66,6,6,0,0,0,59,15,41,7,1,5,6,20,3,7,0,2,45,3,3,0,0,0
Christina McHale,Caroline Wozniacki,0,53,22,47,12,3,3,17,37,3,6,2,2,61,0,6,2,0,0,74,30,26,8,2,3,15,29,5,12,11,15,70,6,1,6,0,0
Sloane Stephens,Ajla Tomljanovic,1,71,39,29,14,3,3,25,36,5,10,10,13,92,3,6,7,0,0,54,35,46,22,3,6,25,44,3,6,8,16,87,6,2,5,0,0
Olivia Rogowska,Elina Svitolina,0,61,26,39,14,5,2,22,36,3,5,8,10,65,4,5,0,0,0,53,26,47,15,7,3,19,24,5,8,8,11,76,6,7,0,0,0
Bojana Jovanovski,Yvonne Meusburger,0,69,30,31,14,0,1,32,50,6,9,7,9,85,6,3,2,0,0,67,38,33,5,0,5,18,34,8,15,9,12,92,3,6,6,0,0
Barbora Zahlavova Strycova,Victoria Azarenka,0,55,13,45,9,1,2,17,30,2,8,17,27,50,1,4,0,0,0,85,34,15,6,0,1,15,18,5,11,10,19,65,6,6,0,0,0
Serena Williams,Daniela Hantuchova,1,48,20,52,15,10,2,25,21,4,7,4,12,60,6,6,0,0,0,54,15,46,12,2,2,10,19,1,6,1,3,48,3,3,0,0,0
Samantha Stosur,Ana Ivanovic,0,68,42,32,22,3,2,21,30,1,4,11,16,93,7,4,2,0,0,58,47,42,23,6,3,46,40,4,9,16,23,107,6,6,6,0,0
Jie Zheng,Casey Dellacqua,0,64,18,36,11,0,5,15,28,2,3,2,4,45,2,4,0,0,0,58,20,42,14,1,3,14,16,5,10,3,4,64,6,6,0,0,0
Eugenie Bouchard,Lauren Davis,1,61,23,39,10,4,2,18,23,5,8,3,5,67,6,6,0,0,0,77,24,23,3,0,1,7,31,1,3,3,4,43,2,2,0,0,0
Na Li,Lucie Safarova,1,60,43,40,18,5,6,17,50,4,10,8,9,99,1,7,6,0,0,59,33,41,17,2,7,21,43,6,16,5,6,99,6,6,3,0,0
Ekaterina Makarova,Monica Niculescu,1,56,17,44,13,2,1,17,35,6,9,9,10,65,6,6,0,0,0,70,23,30,8,1,3,9,34,4,4,4,11,56,4,4,0,0,0
Angelique Kerber,Alison Riske,1,63,21,37,6,4,4,21,16,7,13,6,9,64,6,6,0,0,0,62,16,38,8,0,6,18,29,4,5,8,23,48,3,4,0,0,0
Flavia Pennetta,Mona Barthel,1,44,17,56,15,3,4,14,10,6,15,3,5,70,6,7,0,0,0,60,22,40,13,4,6,22,45,2,4,6,10,55,1,5,0,0,0
Jelena Jankovic,Kurumi Nara,1,62,23,38,13,1,3,12,33,7,9,5,10,72,6,7,0,0,0,86,25,14,5,0,2,19,43,5,7,13,18,63,4,5,0,0,0
Zarina Diyas,Simona Halep,0,61,16,39,7,0,3,9,32,2,4,7,9,42,1,4,0,0,0,52,18,48,13,1,3,18,20,6,6,3,6,62,6,6,0,0,0
Carla Suarez Navarro,Dominika Cibulkova,0,65,12,35,4,0,0,2,23,0,1,0,3,26,1,0,0,0,0,69,21,31,8,1,1,20,20,5,9,7,9,56,6,6,0,0,0
Alize Cornet,Maria Sharapova,0,65,24,35,9,0,5,11,23,4,6,7,12,60,1,6,0,0,0,50,23,50,16,0,8,35,35,6,14,12,13,81,6,7,0,0,0
Agnieszka Radwanska,Anastasia Pavlyuchenkova,1,65,36,35,16,5,2,25,19,6,9,13,20,96,5,6,6,0,0,59,29,41,17,0,7,39,49,3,5,12,21,78,7,2,2,0,0
Garbine Muguruza,Caroline Wozniacki,1,64,37,36,16,5,7,33,56,7,10,12,17,96,4,7,6,0,0,67,39,33,12,2,6,17,37,5,16,9,13,93,6,5,3,0,0
Sloane Stephens,Elina Svitolina,1,69,31,31,10,1,0,24,32,4,9,10,13,68,7,6,0,0,0,57,23,43,15,0,4,12,27,2,3,9,17,61,5,4,0,0,0
Yvonne Meusburger,Victoria Azarenka,0,70,8,30,4,0,5,5,18,1,2,3,3,25,1,0,0,0,0,74,20,26,5,0,2,20,13,7,14,14,17,56,6,6,0,0,0
Serena Williams,Ana Ivanovic,0,66,43,34,13,13,4,22,31,2,3,10,15,79,6,3,3,0,0,53,31,47,21,1,2,33,27,4,14,10,13,91,4,6,6,0,0
Casey Dellacqua,Eugenie Bouchard,0,61,33,39,14,0,3,11,47,1,2,5,9,68,7,2,0,0,0,65,37,35,16,6,1,29,28,6,11,10,12,94,6,6,6,0,0
Na Li,Ekaterina Makarova,1,80,26,20,4,1,1,18,14,5,7,8,14,55,6,6,0,0,0,64,14,36,3,0,1,4,11,0,4,3,4,31,2,0,0,0,0
Angelique Kerber,Flavia Pennetta,0,64,35,36,10,1,4,25,35,5,6,5,13,77,1,6,5,0,0,60,33,40,12,8,2,43,37,8,18,17,27,98,6,4,7,0,0
Jelena Jankovic,Simona Halep,0,67,32,33,11,2,2,23,43,4,8,20,30,69,4,6,0,0,0,64,26,36,14,0,4,22,28,6,13,4,4,81,6,2,6,0,0
Dominika Cibulkova,Maria Sharapova,1,69,27,31,13,1,5,16,28,7,14,2,2,87,3,6,6,0,0,66,31,34,12,3,8,27,45,5,10,8,10,77,6,4,1,0,0
Agnieszka Radwanska,Garbine Muguruza,1,73,34,27,11,2,1,9,15,4,9,4,7,76,6,6,0,0,0,56,18,44,10,3,3,23,44,0,6,6,14,49,1,3,0,0,0
Sloane Stephens,Victoria Azarenka,0,72,24,28,9,0,0,20,32,0,2,6,8,55,3,2,0,0,0,69,32,31,10,3,7,20,20,3,14,13,17,74,6,6,0,0,0
Ana Ivanovic,Eugenie Bouchard,0,56,34,44,23,1,4,34,35,5,12,12,18,104,7,5,2,0,0,58,42,42,20,2,6,47,37,7,13,19,24,113,5,7,6,0,0
Na Li,Flavia Pennetta,1,64,23,36,10,1,1,23,17,5,8,7,10,62,6,6,0,0,0,39,12,61,13,3,5,14,27,1,4,2,2,37,2,2,0,0,0
Simona Halep,Dominika Cibulkova,0,67,13,33,6,2,1,9,25,1,3,1,4,32,3,0,0,0,0,77,25,23,5,0,3,17,16,5,9,3,4,54,6,6,0,0,0
Agnieszka Radwanska,Victoria Azarenka,1,59,33,41,16,1,1,23,15,6,16,19,24,94,6,5,6,0,0,60,26,40,19,0,5,33,47,2,5,20,34,74,1,7,0,0,0
Eugenie Bouchard,Na Li,0,45,13,55,5,2,2,10,14,3,7,4,5,49,2,4,0,0,0,61,27,39,11,4,5,35,23,6,10,11,14,71,6,6,0,0,0
Dominika Cibulkova,Agnieszka Radwanska,1,64,22,36,10,0,2,21,20,6,9,12,14,63,6,6,0,0,0,68,17,32,2,2,2,12,24,1,9,4,9,40,1,2,0,0,0
Na Li,Dominika Cibulkova,1,60,21,40,15,2,3,34,30,5,10,8,13,75,7,6,0,0,0,67,29,33,5,0,7,11,28,2,3,3,4,58,6,0,0,0,0
Su-Wei Hsieh,Maria Sharapova,0,62,18,38,5,0,3,8,8,0,0,1,3,31,2,1,0,0,0,68,25,32,8,4,0,25,19,4,6,3,5,57,6,6,0,0,0
Eugenie Bouchard,Tsvetana Pironkova,1,57,23,43,17,3,1,37,21,4,10,16,20,71,6,7,0,0,0,66,28,34,6,1,2,13,21,1,3,4,8,48,1,6,0,0,0
Jie Zheng,Vesna Dolonc,1,76,30,24,5,1,0,25,13,4,12,4,5,70,6,6,0,0,0,76,35,24,6,0,3,20,25,0,4,14,20,56,4,1,0,0,0
Tamira Paszek,Melanie Oudin,0,59,16,41,8,2,6,21,38,6,15,2,4,66,4,3,0,0,0,63,27,37,9,0,3,24,29,8,13,5,8,78,6,6,0,0,0
Karin Knapp,Sloane Stephens,0,57,18,43,13,0,3,15,27,2,2,3,5,50,2,5,0,0,0,65,22,35,10,0,2,9,16,5,7,1,4,61,6,7,0,0,0
Vania King,Alexandra Cadantu,1,74,27,26,11,0,0,38,15,6,9,14,21,83,7,6,0,0,0,72,28,28,9,0,5,21,17,3,8,5,9,64,6,1,0,0,0
Marina Erakovic,Elena Baltacha,1,66,23,34,8,6,2,29,10,5,6,5,9,56,6,6,0,0,0,69,11,31,6,1,1,7,13,1,5,2,6,30,3,0,0,0,0
Dominika Cibulkova,Lesia Tsurenko,1,60,24,40,11,1,2,14,20,6,10,4,6,67,6,6,0,0,0,55,12,45,7,1,3,16,35,3,7,0,2,46,1,4,0,0,0
Kimiko Date-Krumm,Samantha Stosur,0,79,15,21,3,0,1,8,20,0,1,4,7,33,0,2,0,0,0,59,19,41,12,1,0,21,18,5,8,7,10,60,6,6,0,0,0
Kristina Mladenovic,Lauren Davis,1,58,27,42,13,3,1,31,21,6,15,14,17,77,6,7,0,0,0,72,22,28,5,0,0,18,16,2,9,4,7,49,0,5,0,0,0
Karolina Pliskova,Garbine Muguruza,0,60,41,40,20,9,4,27,22,2,4,5,7,88,6,5,3,0,0,69,49,31,13,7,7,46,25,3,7,11,17,99,4,7,6,0,0
Jelena Jankovic,Daniela Hantuchova,1,78,40,22,7,4,1,27,21,3,11,10,15,90,6,7,0,0,0,68,38,32,17,1,2,26,32,2,6,14,23,80,4,6,0,0,0
Jamie Hampton,Lucie Safarova,1,60,50,40,24,7,5,38,50,6,11,5,14,125,7,3,9,0,0,67,53,33,19,4,1,35,43,6,16,11,17,130,6,6,7,0,0
Anna Karolina Schmiedlova,Yanina Wickmayer,1,62,40,38,16,6,4,17,42,4,12,3,4,102,7,2,6,0,0,59,39,41,22,1,8,34,66,4,10,9,12,102,6,6,2,0,0
Shuai Peng,Camila Giorgi,1,54,28,46,14,2,3,13,15,4,8,5,5,68,6,6,0,0,0,53,24,47,8,1,11,23,30,1,4,3,8,57,4,2,0,0,0
Petra Kvitova,Aravane Rezai,1,69,35,31,13,5,6,29,32,9,16,4,11,94,6,4,6,0,0,56,27,44,12,1,7,33,32,6,13,11,15,87,3,6,2,0,0
Elena Vesnina,Victoria Azarenka,0,74,21,26,6,2,1,20,16,1,5,9,11,47,1,4,0,0,0,70,31,30,6,4,1,21,13,4,8,8,10,63,6,6,0,0,0
Sandra Zahlavova,Annika Beck,0,69,18,31,7,2,1,13,24,0,3,5,11,40,2,1,0,0,0,83,28,17,5,1,1,19,13,5,11,5,7,62,6,6,0,0,0
Irina-Camelia Begu,Silvia Soler-Espinosa,0,74,26,26,6,0,3,19,28,1,3,6,9,53,3,2,0,0,0,56,23,44,15,0,2,17,15,4,11,4,6,71,6,6,0,0,0
Alize Cornet,Maria Joao Koehler,1,70,28,30,11,0,3,16,19,6,9,7,9,72,7,6,0,0,0,60,19,40,8,0,9,20,45,3,8,4,8,58,5,2,0,0,0
Flavia Pennetta,Kirsten Flipkens,0,41,21,59,17,1,7,20,26,4,12,14,28,81,6,4,0,0,0,45,31,55,23,5,9,34,28,6,8,21,28,92,2,6,6,0,0
Melinda Czink,Francesca Schiavone,0,57,23,43,12,1,4,18,26,2,6,11,19,51,0,6,0,0,0,57,26,43,14,4,5,29,20,5,10,5,8,79,6,7,0,0,0
Kristyna Pliskova,Mariana Duque-Marino,0,60,18,40,9,0,3,6,27,0,4,3,11,38,2,0,0,0,0,65,23,35,9,3,1,27,16,5,12,12,14,65,6,6,0,0,0
Marion Bartoli,Olga Govortsova,1,62,54,38,25,4,12,40,45,7,14,12,19,129,7,4,7,0,0,62,42,38,16,1,9,57,42,7,16,9,13,131,6,6,5,0,0
Nina Bratchikova,Maria Kirilenko,0,69,15,31,4,0,1,6,24,0,2,5,8,33,0,1,0,0,0,51,19,49,12,2,4,24,14,5,11,3,5,60,6,6,0,0,0
Ashleigh Barty,Lucie Hradecka,1,53,32,47,23,4,2,26,29,7,18,11,11,103,7,2,6,0,0,57,31,43,18,5,7,38,45,6,10,11,21,97,5,6,1,0,0
Stefanie Voegele,Heather Watson,1,64,41,36,16,4,4,21,24,3,14,9,12,96,6,2,6,0,0,67,44,33,17,4,2,38,24,3,8,9,18,91,4,6,4,0,0
Klara Zakopalova,Kaia Kanepi,0,58,22,42,11,1,2,13,46,3,7,3,8,59,6,2,0,0,0,70,32,30,8,2,3,17,33,5,6,0,2,80,7,6,0,0,0
Coco Vandeweghe,Yaroslava Shvedova,0,53,24,47,12,4,6,16,37,3,7,7,14,61,0,6,2,0,0,64,30,36,14,0,5,23,22,7,12,10,11,84,6,3,6,0,0
Tatjana Maria,Paula Ormaechea,0,60,30,40,18,5,2,17,32,2,3,12,19,73,3,6,0,0,0,49,25,51,21,3,4,35,30,6,15,13,19,89,6,4,6,0,0
Bethanie Mattek-Sands,Lourdes Dominguez Lino,1,54,24,46,14,0,2,32,25,5,14,17,24,71,6,6,0,0,0,47,12,53,14,1,2,8,14,2,6,4,11,51,4,1,0,0,0
Na Li,A. Medina Garrigues,1,71,31,29,7,0,3,26,37,6,10,13,16,69,6,6,0,0,0,57,18,43,7,0,0,12,21,4,12,1,1,57,3,4,0,0,0
Arantxa Rus,Sara Errani,0,52,11,48,2,0,7,7,26,2,3,3,6,26,1,2,0,0,0,85,18,15,3,0,0,14,15,7,9,3,7,52,6,6,0,0,0
Ayumi Morita,Yulia Putintseva,0,65,17,35,9,0,1,16,31,1,6,4,8,45,2,3,0,0,0,58,22,42,16,3,2,16,13,4,7,0,1,61,6,6,0,0,0
Maria-Teresa Torro-Flor,Julia Glushko,1,77,32,23,7,0,0,24,17,6,9,3,3,72,6,7,0,0,0,78,22,22,5,2,1,15,23,3,3,3,9,50,2,5,0,0,0
Sabine Lisicki,Sofia Arvidsson,1,52,27,48,15,4,3,37,30,3,6,13,19,73,6,6,0,0,0,70,29,30,10,1,0,7,14,1,6,4,4,60,3,4,0,0,0
Simona Halep,Carla Suarez Navarro,0,74,34,26,9,1,5,25,26,4,10,4,6,79,6,2,2,0,0,63,31,37,17,0,2,41,22,7,13,19,20,92,3,6,6,0,0
Irena Pavlovic,Shelby Rogers,0,59,24,41,11,4,3,13,26,0,0,1,2,47,3,4,0,0,0,58,26,42,15,5,1,21,18,2,6,9,10,60,6,6,0,0,0
Madison Keys,Misaki Doi,1,66,29,34,8,5,1,25,19,4,5,6,8,59,6,6,0,0,0,62,16,38,9,0,2,10,11,1,4,7,12,46,3,2,0,0,0
Nadia Petrova,Monica Puig,0,58,37,42,16,12,3,29,50,5,8,5,9,99,6,5,4,0,0,52,40,48,21,4,6,21,36,6,9,3,5,103,3,7,6,0,0
Petra Martic,Ana Ivanovic,0,62,30,38,17,1,6,23,39,2,9,24,27,81,1,6,3,0,0,54,37,46,24,3,3,27,36,4,10,6,14,100,6,3,6,0,0
Chanelle Scheepers,Mathilde Johansson,0,54,16,46,13,0,5,9,23,3,5,1,4,56,5,1,0,0,0,68,29,32,9,0,7,26,36,6,15,6,9,72,7,6,0,0,0
Virginie Razzano,Claire Feuerstein,1,75,46,25,9,3,4,16,18,3,9,7,12,89,7,6,0,0,0,55,29,45,19,1,2,29,37,2,9,5,10,84,6,4,0,0,0
Julia Goerges,Zuzana Kucova,0,54,22,46,14,10,4,39,56,2,9,6,15,73,6,0,0,0,0,76,41,24,13,0,2,13,18,5,9,5,6,90,7,6,0,0,0
Urszula Radwanska,Venus Williams,1,68,48,32,16,0,4,28,40,11,17,13,23,131,7,6,6,0,0,65,38,35,13,0,6,58,66,10,15,30,47,121,6,7,4,0,0
Dinah Pfizenmaier,Mandy Minella,1,67,28,33,5,2,4,30,30,7,13,3,3,69,7,6,0,0,0,57,17,43,8,1,5,7,24,3,6,1,5,47,5,1,0,0,0
Mallory Burdette,Donna Vekic,1,68,27,32,11,1,1,27,17,5,7,7,10,62,6,6,0,0,0,63,21,37,7,1,3,12,13,3,7,2,4,56,3,4,0,0,0
Agnieszka Radwanska,Shahar Peer,1,67,17,33,9,1,0,13,8,6,14,9,11,58,6,6,0,0,0,56,15,44,7,1,4,17,24,1,2,2,10,32,1,1,0,0,0
Mona Barthel,Angelique Kerber,0,57,30,43,16,1,0,37,35,1,4,13,20,77,6,2,0,0,0,54,31,46,20,2,1,19,14,3,12,5,7,81,7,6,0,0,0
Jana Cepelova,Christina McHale,1,78,52,22,9,0,3,25,32,4,12,5,6,104,7,2,6,0,0,70,52,30,10,2,3,31,39,5,9,7,13,106,6,6,4,0,0
Romina Oprandi,Elina Svitolina,0,67,35,33,7,2,3,26,32,5,11,8,17,81,3,6,1,0,0,61,30,39,19,2,2,40,24,8,16,16,28,99,6,4,6,0,0
Varvara Lepchenko,Mirjana Lucic-Baroni,1,65,23,35,8,5,3,12,15,6,10,4,4,63,6,6,0,0,0,56,15,44,8,3,2,12,44,1,6,0,0,38,1,2,0,0,0
Svetlana Kuznetsova,Ekaterina Makarova,1,54,15,46,15,3,2,31,18,6,10,5,11,73,6,6,0,0,0,70,25,30,11,1,1,20,20,3,6,6,11,56,4,2,0,0,0
Pauline Parmentier,Magdalena Rybarikova,0,54,12,46,6,0,6,5,22,1,1,3,8,30,0,1,0,0,0,73,19,27,6,2,0,14,13,6,12,8,9,59,6,6,0,0,0
Barbora Zahlavova Strycova,Bojana Jovanovski,0,71,23,29,6,3,2,13,16,0,0,3,7,39,3,2,0,0,0,80,31,20,5,1,0,28,20,3,7,7,7,59,6,6,0,0,0
Caroline Wozniacki,Laura Robson,1,76,27,24,8,3,1,11,10,5,7,1,1,66,6,6,0,0,0,56,18,44,5,4,6,25,39,2,5,1,6,43,3,2,0,0,0
Stephanie Foretz Gacon,Roberta Vinci,0,66,16,34,5,5,2,20,29,0,0,7,21,32,3,0,0,0,0,60,20,40,12,0,2,10,10,4,5,6,6,58,6,6,0,0,0
Galina Voskoboeva,Grace Min,1,55,30,45,18,3,3,38,30,8,14,16,26,97,4,6,7,0,0,69,34,31,17,1,1,31,19,7,10,10,15,92,6,4,5,0,0
Petra Cetkovska,Olga Puchkova,1,69,25,31,8,0,4,17,17,6,7,4,5,61,6,6,0,0,0,62,11,38,3,0,4,4,25,1,7,0,0,32,0,2,0,0,0
Anastasia Pavlyuchenkova,Andrea Hlavackova,1,54,31,46,22,3,4,36,45,7,16,13,21,108,4,7,6,0,0,72,46,28,11,2,5,32,38,7,12,9,14,104,6,6,4,0,0
Kiki Bertens,Sorana Cirstea,0,63,42,37,12,3,10,31,54,5,10,9,19,96,7,5,2,0,0,65,40,35,21,3,3,22,37,7,13,12,19,108,5,7,6,0,0
Monica Niculescu,Johanna Larsson,0,82,15,18,4,0,1,18,21,2,2,5,8,39,2,3,0,0,0,64,22,36,8,0,1,25,11,6,6,12,14,61,6,6,0,0,0
Yuliya Beygelzimer,Caroline Garcia,0,59,24,41,13,0,1,17,22,0,1,10,12,50,3,4,0,0,0,60,29,40,13,4,2,19,21,2,4,3,6,64,6,6,0,0,0
Serena Williams,Anna Tatishvili,1,73,21,27,7,8,1,27,14,5,11,1,1,56,6,6,0,0,0,58,11,42,6,0,3,4,22,0,0,0,0,22,0,1,0,0,0
Eugenie Bouchard,Maria Sharapova,0,57,17,43,10,0,2,8,18,1,4,1,1,43,2,2,0,0,0,52,19,48,11,1,4,23,23,4,6,8,9,56,6,4,0,0,0
Melanie Oudin,Jie Zheng,0,65,12,35,7,1,2,18,31,3,8,7,9,46,3,1,0,0,0,73,26,27,7,0,0,20,14,7,9,3,5,65,6,6,0,0,0
Vania King,Sloane Stephens,0,82,17,18,6,0,0,7,11,1,3,5,10,36,1,3,0,0,0,75,26,25,5,1,0,29,17,5,8,7,11,57,6,6,0,0,0
Dominika Cibulkova,Marina Erakovic,0,56,31,44,16,2,3,17,31,5,8,8,11,88,2,6,4,0,0,48,25,52,21,2,5,38,38,6,11,6,11,90,6,2,6,0,0
Kristina Mladenovic,Samantha Stosur,0,55,27,45,16,6,4,25,22,0,1,7,15,64,4,3,0,0,0,75,40,25,6,0,4,26,22,2,10,14,17,74,6,6,0,0,0
Jelena Jankovic,Garbine Muguruza,1,60,16,40,11,3,1,10,12,6,12,2,6,58,6,6,0,0,0,54,13,46,8,0,7,12,29,1,2,9,15,34,3,0,0,0,0
Anna Karolina Schmiedlova,Jamie Hampton,0,70,28,30,7,0,2,10,14,2,2,5,7,52,5,2,0,0,0,57,22,43,15,1,1,30,25,5,13,10,13,69,7,6,0,0,0
Petra Kvitova,Shuai Peng,1,53,20,47,13,4,4,30,26,6,11,9,11,66,6,6,0,0,0,73,22,27,5,0,3,9,18,3,5,4,4,49,4,3,0,0,0
Annika Beck,Victoria Azarenka,0,66,22,34,7,1,3,16,23,3,9,2,3,54,4,3,0,0,0,63,24,37,7,1,6,26,26,6,11,14,18,67,6,6,0,0,0
Alize Cornet,Silvia Soler-Espinosa,1,74,24,26,10,2,1,22,18,5,10,9,11,62,6,6,0,0,0,53,13,47,10,0,2,10,30,1,7,7,10,42,1,3,0,0,0
Francesca Schiavone,Kirsten Flipkens,1,62,34,38,20,1,7,39,39,9,18,28,47,110,6,4,6,0,0,53,33,47,13,1,5,33,40,6,17,27,41,98,1,6,3,0,0
Marion Bartoli,Mariana Duque-Marino,1,62,34,38,14,0,5,15,24,5,11,16,28,89,7,7,0,0,0,57,32,43,14,2,5,42,44,4,14,13,25,82,6,5,0,0,0
Ashleigh Barty,Maria Kirilenko,0,61,6,39,4,0,0,9,5,1,1,2,2,16,3,0,0,0,0,75,9,25,1,1,0,7,4,1,1,5,6,18,3,0,0,0,0
Kaia Kanepi,Stefanie Voegele,1,71,20,29,5,4,2,16,15,1,3,0,4,41,6,0,0,0,0,58,13,42,9,0,1,15,9,1,6,4,6,39,5,0,0,0,0
Paula Ormaechea,Yaroslava Shvedova,1,64,27,36,14,1,3,17,26,6,9,3,8,81,6,7,0,0,0,74,26,26,7,0,3,18,38,5,8,9,11,72,4,6,0,0,0
Na Li,Bethanie Mattek-Sands,0,63,34,37,17,3,5,20,34,5,9,2,9,88,7,3,2,0,0,54,35,46,18,3,3,32,37,7,14,5,5,97,5,6,6,0,0
Yulia Putintseva,Sara Errani,0,64,11,36,5,0,2,14,26,1,5,4,11,31,1,1,0,0,0,87,28,13,3,0,0,22,7,6,10,9,11,59,6,6,0,0,0
Sabine Lisicki,Maria-Teresa Torro-Flor,1,68,26,32,8,2,3,32,33,6,12,8,11,62,6,6,0,0,0,74,17,26,5,0,1,6,17,2,8,1,4,45,4,0,0,0,0
Shelby Rogers,Carla Suarez Navarro,0,67,38,33,14,2,1,37,38,5,10,11,14,91,6,4,4,0,0,63,41,37,14,1,2,32,31,5,8,10,14,98,3,6,6,0,0
Monica Puig,Madison Keys,1,52,26,48,21,1,2,15,21,3,7,1,3,79,6,7,0,0,0,61,31,39,11,4,4,17,38,2,6,1,3,68,4,6,0,0,0
Mathilde Johansson,Ana Ivanovic,0,73,17,27,4,0,3,11,18,1,1,1,3,33,2,2,0,0,0,55,20,45,10,0,1,18,10,5,8,2,2,58,6,6,0,0,0
Zuzana Kucova,Virginie Razzano,0,72,36,28,10,1,5,22,42,3,10,5,8,87,6,2,0,0,0,72,42,28,14,0,3,35,41,7,17,15,19,105,4,6,6,0,0
Dinah Pfizenmaier,Urszula Radwanska,1,60,24,40,15,1,1,33,32,5,12,16,24,70,6,6,0,0,0,67,20,33,9,0,1,6,15,2,10,5,6,55,3,3,0,0,0
Agnieszka Radwanska,Mallory Burdette,1,65,23,35,11,2,1,14,5,5,8,5,7,61,6,6,0,0,0,73,17,27,5,1,0,23,28,2,5,9,19,40,3,2,0,0,0
Jana Cepelova,Angelique Kerber,0,70,12,30,3,1,2,13,28,2,8,4,7,38,2,2,0,0,0,62,24,38,11,1,1,13,18,6,7,5,5,63,6,6,0,0,0
Varvara Lepchenko,Elina Svitolina,1,61,23,39,12,1,5,32,31,5,11,13,16,71,7,6,0,0,0,65,22,35,10,0,2,11,23,3,3,2,5,56,6,1,0,0,0
Magdalena Rybarikova,Svetlana Kuznetsova,0,66,32,34,11,4,3,22,32,3,6,8,17,72,6,2,2,0,0,79,36,21,7,1,1,30,30,5,8,9,13,79,1,6,6,0,0
Caroline Wozniacki,Bojana Jovanovski,0,70,29,30,10,1,3,13,18,2,3,5,7,62,6,3,0,0,0,68,34,32,8,3,1,33,32,3,7,2,5,72,7,6,0,0,0
Galina Voskoboeva,Roberta Vinci,0,60,36,40,11,4,4,40,37,2,3,20,35,76,4,6,2,0,0,56,35,44,18,1,1,19,15,4,5,20,26,86,6,4,6,0,0
Anastasia Pavlyuchenkova,Petra Cetkovska,0,50,33,50,22,5,5,37,40,6,10,11,20,97,5,6,4,0,0,54,29,46,20,5,2,29,19,6,14,9,15,96,7,2,6,0,0
Johanna Larsson,Sorana Cirstea,0,63,12,37,9,1,2,7,19,1,8,3,3,45,1,4,0,0,0,54,27,46,14,1,1,20,22,4,5,3,5,60,6,6,0,0,0
Serena Williams,Caroline Garcia,1,69,23,31,9,6,1,27,9,4,10,3,5,60,6,6,0,0,0,53,16,47,9,2,3,14,14,0,0,3,5,32,1,2,0,0,0
Jie Zheng,Maria Sharapova,0,81,23,19,3,0,1,8,24,4,11,4,4,58,1,5,0,0,0,57,22,43,13,3,8,25,34,8,8,4,7,76,6,7,0,0,0
Marina Erakovic,Sloane Stephens,0,64,37,36,15,4,6,31,44,3,9,11,14,93,4,7,3,0,0,78,58,22,11,2,2,30,33,5,6,9,12,102,6,6,6,0,0
Jelena Jankovic,Samantha Stosur,1,73,39,27,13,4,5,16,24,5,12,12,20,90,3,6,6,0,0,70,35,30,16,2,2,28,39,4,7,20,25,87,6,3,4,0,0
Petra Kvitova,Jamie Hampton,0,63,24,37,10,2,3,21,33,3,4,10,17,57,1,6,0,0,0,51,24,49,12,4,5,13,18,5,11,3,5,73,6,7,0,0,0
Alize Cornet,Victoria Azarenka,0,65,28,35,10,3,3,28,32,6,16,7,10,84,6,3,1,0,0,69,40,31,11,0,10,41,31,9,20,23,32,99,4,6,6,0,0
Marion Bartoli,Francesca Schiavone,0,62,14,38,8,1,5,9,19,1,3,5,15,41,2,1,0,0,0,53,17,47,15,0,3,32,14,5,9,7,10,63,6,6,0,0,0
Stefanie Voegele,Maria Kirilenko,0,52,30,48,19,0,2,25,38,3,7,18,25,79,6,5,0,0,0,57,27,43,20,2,1,30,28,4,9,17,22,91,7,7,0,0,0
Bethanie Mattek-Sands,Paula Ormaechea,1,71,34,29,12,2,2,38,21,6,9,13,19,88,4,6,6,0,0,55,32,45,8,3,8,18,28,3,4,0,3,63,6,1,3,0,0
Sabine Lisicki,Sara Errani,0,46,15,54,7,1,3,25,34,1,7,8,15,42,0,4,0,0,0,89,34,11,2,1,0,14,7,5,7,5,8,64,6,6,0,0,0
Monica Puig,Carla Suarez Navarro,0,59,24,41,12,1,2,21,31,3,5,7,12,68,4,5,0,0,0,72,39,28,8,3,1,21,29,5,10,7,9,82,6,7,0,0,0
Virginie Razzano,Ana Ivanovic,0,70,18,30,7,1,1,11,20,1,4,13,17,48,3,2,0,0,0,73,32,27,8,5,3,23,21,4,10,2,3,68,6,6,0,0,0
Agnieszka Radwanska,Dinah Pfizenmaier,1,61,26,39,16,1,0,10,17,3,6,9,16,69,6,6,0,0,0,62,24,38,12,1,2,24,48,1,3,14,18,56,3,4,0,0,0
Varvara Lepchenko,Angelique Kerber,0,81,54,19,6,1,4,46,45,3,8,14,20,101,4,7,4,0,0,65,47,35,19,2,3,24,24,5,10,3,4,110,6,6,6,0,0
Bojana Jovanovski,Svetlana Kuznetsova,0,69,31,31,10,1,5,21,21,3,3,4,5,64,4,6,0,0,0,67,29,33,11,7,5,24,24,4,7,8,10,77,6,7,0,0,0
Petra Cetkovska,Roberta Vinci,0,63,26,37,11,1,5,29,37,4,13,9,22,80,1,6,2,0,0,62,32,38,18,4,2,34,25,6,12,8,16,91,6,2,6,0,0
Serena Williams,Sorana Cirstea,1,67,22,33,10,3,2,13,16,5,6,3,4,61,6,6,0,0,0,56,13,44,6,0,6,3,19,0,3,3,7,33,0,2,0,0,0
Sloane Stephens,Maria Sharapova,0,65,28,35,12,1,4,15,25,1,3,2,3,54,4,3,0,0,0,63,25,37,12,1,1,17,20,4,12,5,5,72,6,6,0,0,0
Jamie Hampton,Jelena Jankovic,0,66,11,34,7,1,0,9,29,1,2,9,16,34,0,2,0,0,0,70,22,30,8,2,2,11,15,6,10,6,7,62,6,6,0,0,0
Francesca Schiavone,Victoria Azarenka,0,57,11,43,3,2,2,10,24,2,6,8,13,35,3,0,0,0,0,88,28,12,3,1,1,19,14,7,12,10,12,61,6,6,0,0,0
Bethanie Mattek-Sands,Maria Kirilenko,0,56,29,44,18,0,2,27,42,2,5,13,21,75,5,4,0,0,0,64,31,36,14,1,6,13,25,4,11,10,17,80,7,6,0,0,0
Carla Suarez Navarro,Sara Errani,0,67,32,33,14,0,1,42,47,6,18,12,31,93,7,4,3,0,0,91,57,9,4,0,1,33,27,7,10,14,24,107,5,6,6,0,0
Agnieszka Radwanska,Ana Ivanovic,1,57,21,43,15,1,1,18,5,5,9,9,12,72,6,6,0,0,0,50,19,50,15,1,9,29,33,2,5,8,17,59,2,4,0,0,0
Svetlana Kuznetsova,Angelique Kerber,1,63,46,37,17,3,1,48,37,5,12,16,28,108,6,4,6,0,0,75,44,25,13,0,2,37,31,4,13,10,15,100,4,6,3,0,0
Serena Williams,Roberta Vinci,1,62,24,38,12,5,1,32,21,4,10,13,21,64,6,6,0,0,0,68,20,32,9,1,1,13,12,0,1,10,16,43,1,3,0,0,0
Jelena Jankovic,Maria Sharapova,0,63,31,37,16,0,4,9,21,4,7,5,12,74,6,4,3,0,0,66,30,34,13,1,2,30,45,4,4,9,11,79,0,6,6,0,0
Maria Kirilenko,Victoria Azarenka,0,57,31,43,8,2,5,17,18,3,4,6,12,63,6,2,0,0,0,78,32,22,4,0,2,25,18,5,11,13,14,73,7,6,0,0,0
Agnieszka Radwanska,Sara Errani,0,70,28,30,5,2,2,27,27,5,11,20,34,72,4,6,0,0,0,84,41,16,3,0,0,30,25,6,7,16,24,80,6,7,0,0,0
Serena Williams,Svetlana Kuznetsova,1,66,42,34,12,4,5,37,28,6,16,12,20,92,6,3,6,0,0,77,28,23,7,1,1,19,24,4,9,3,6,75,1,6,3,0,0
Victoria Azarenka,Maria Sharapova,0,72,28,28,8,3,0,15,22,5,10,8,10,77,1,6,4,0,0,62,41,38,10,12,11,42,39,6,10,2,6,87,6,2,6,0,0
Serena Williams,Sara Errani,1,52,14,48,14,5,0,40,12,5,7,8,10,52,6,6,0,0,0,80,10,20,1,0,0,2,3,0,0,2,2,16,0,1,0,0,0
Serena Williams,Maria Sharapova,1,69,27,31,8,10,0,29,21,4,15,10,12,71,6,6,0,0,0,55,20,45,20,2,4,10,17,2,2,3,4,56,4,4,0,0,0
M.Koehler,V.Azarenka,0,60,21,40,8,2,4,19,18,7,2,3,3,0,1,2,0,0,0,72,31,28,4,3,9,25,14,16,6,8,4,0,6,6,0,0,0
E.Baltacha,F.Pennetta,0,69,23,31,6,0,0,12,10,1,1,14,10,0,4,1,0,0,0,53,18,47,15,4,4,22,14,6,5,14,11,0,6,6,0,0,0
S-W.Hsieh,T.Maria,1,63,17,37,10,1,1,23,13,14,6,13,8,0,6,6,0,0,0,56,16,44,7,2,10,11,29,1,0,8,2,0,1,0,0,0,0
A.Cornet,V.King,1,57,36,43,21,4,4,35,30,14,4,22,17,0,4,6,6,0,0,68,45,32,15,0,4,32,45,4,1,48,32,0,6,3,1,0,0
Y.Putintseva,K.Flipkens,0,73,34,27,12,2,2,24,28,4,1,12,7,0,5,4,0,0,0,66,33,34,15,6,0,31,19,9,3,35,24,0,7,6,0,0,0
A.Tomljanovic,B.Jovanovski,0,59,38,41,22,6,4,35,42,14,2,12,6,0,6,1,7,0,0,69,57,31,18,11,5,47,40,13,4,13,7,0,3,6,9,0,0
Y.Wickmayer,V.Dolonc,0,69,40,31,13,1,3,31,37,6,4,17,10,0,6,2,4,0,0,69,33,31,12,2,5,34,26,12,6,10,8,0,3,6,6,0,0
J.Jankovic,J.Konta,1,68,31,32,12,2,1,23,13,5,3,12,11,0,6,7,0,0,0,52,21,48,17,1,4,21,25,2,0,9,7,0,2,5,0,0,0
V.Razzano,A.Ivanovic,0,78,21,22,9,1,2,17,15,1,1,15,9,0,6,0,0,0,0,67,29,33,10,6,0,17,7,5,4,3,2,0,7,6,0,0,0
E.Bouchard,G.Voskoboeva,1,61,44,39,24,3,2,29,25,5,3,20,17,0,5,7,6,0,0,59,49,41,21,3,4,34,30,6,3,25,21,0,7,6,4,0,0
S.Arvidsson,M.Lucic-Baroni,0,73,19,27,6,1,0,7,10,8,0,4,2,0,1,4,0,0,0,64,28,36,14,6,1,33,25,4,3,7,5,0,6,6,0,0,0
C.Suarez Navarro,L.Dominguez Lino,1,68,27,32,14,0,1,23,19,10,6,24,18,0,6,6,0,0,0,64,16,36,5,0,3,12,24,10,2,22,14,0,2,2,0,0,0
J.Larsson,E.Makarova,0,63,20,37,9,2,4,14,19,0,0,7,5,0,3,3,0,0,0,82,30,18,7,2,0,19,8,7,3,11,9,0,6,6,0,0,0
G.Muguruza,A.Keothavong,1,67,28,33,9,3,4,23,16,9,4,18,13,0,6,6,0,0,0,62,18,38,11,2,2,10,14,1,0,10,6,0,4,0,0,0,0
K.Bertens,Y.Shvedova,0,57,31,43,11,3,5,9,34,2,2,13,6,0,4,3,0,0,0,59,19,41,11,0,4,14,34,12,5,10,3,0,6,6,0,0,0
P.Kvitova,C.Vandeweghe,1,67,40,33,17,2,5,32,31,15,5,24,15,0,6,5,6,0,0,64,40,36,20,5,3,24,25,9,3,17,10,0,1,7,4,0,0
K.Mladenovic,M.Sharapova,0,52,29,48,17,6,7,18,20,1,0,15,11,0,6,3,0,0,0,68,35,32,14,5,0,27,18,8,1,9,4,0,7,6,0,0,0
M.Larcher De Brito,M.Oudin,1,68,46,32,15,1,5,16,42,6,5,14,8,0,7,1,6,0,0,65,32,35,15,3,2,33,51,16,7,13,10,0,6,6,4,0,0
L.Hradecka,K.Knapp,0,65,23,35,8,2,2,16,16,3,0,8,4,0,3,4,0,0,0,63,34,37,11,9,3,26,19,2,2,9,6,0,6,6,0,0,0
L.Safarova,L.Davis,1,63,24,37,11,2,1,19,9,5,4,5,2,0,6,6,0,0,0,66,21,34,2,1,2,13,7,1,0,3,2,0,4,0,0,0,0
S.Voegele,S.Cirstea,0,51,29,49,19,1,3,13,32,10,4,18,16,0,5,6,0,0,0,59,32,41,15,1,3,29,29,12,5,25,15,0,7,7,0,0,0
C.Giorgi,S.Murray,1,54,23,46,19,1,4,18,17,13,2,21,14,0,6,6,0,0,0,58,28,42,16,4,6,18,27,1,0,10,7,0,3,4,0,0,0
C.McHale,A.Glatch,1,60,24,40,13,1,0,16,14,10,4,15,6,0,6,6,0,0,0,54,26,46,8,7,1,17,24,5,2,25,13,0,4,4,0,0,0
M.Bartoli,E.Svitolina,1,58,29,42,16,4,3,30,25,7,3,18,13,0,6,7,0,0,0,56,24,44,14,1,5,22,13,3,1,14,10,0,3,5,0,0,0
E.Cabeza Candela,C.Wozniacki,0,68,9,32,3,0,1,12,18,5,1,15,8,0,0,2,0,0,0,72,29,28,2,3,3,12,7,8,6,9,6,0,6,6,0,0,0
P.Cetkovska,D.Vekic,1,69,28,31,7,6,1,30,14,9,4,11,11,0,6,6,0,0,0,53,23,47,11,4,2,18,16,0,0,9,4,0,3,1,0,0,0
P.Parmentier,A.Petkovic,0,62,16,38,10,3,3,16,12,3,1,13,9,0,3,2,0,0,0,77,28,23,7,1,0,18,9,6,4,7,5,0,6,6,0,0,0
S.Stephens,J.Hampton,1,73,34,27,6,4,2,16,15,6,4,13,8,0,6,6,0,0,0,66,21,34,11,1,1,14,14,4,1,12,6,0,3,3,0,0,0
E.Birnerova,V.Lepchenko,1,76,44,24,15,2,2,33,28,12,3,15,6,0,6,4,6,0,0,72,43,28,13,7,6,34,46,6,1,25,16,0,2,6,4,0,0
L.Arruabarrena,L.Tsurenko,0,79,23,21,4,2,0,7,7,0,0,12,4,0,1,3,0,0,0,60,24,40,10,2,1,24,22,7,4,12,9,0,6,6,0,0,0
S.Soler-Espinosa,M.Doi,1,58,33,42,10,1,3,25,28,13,6,20,14,0,1,6,6,0,0,64,25,36,14,1,5,30,27,10,5,15,8,0,6,4,1,0,0
S.Errani,M.Puig,0,75,28,25,6,0,3,13,15,6,1,11,7,0,3,2,0,0,0,68,28,32,13,4,3,38,17,8,4,18,12,0,6,6,0,0,0
M.Krajicek,N.Li,0,50,11,50,11,1,2,7,8,3,0,11,7,0,1,1,0,0,0,62,24,38,11,2,4,29,12,7,5,18,16,0,6,6,0,0,0
O.Govortsova,S.Halep,0,58,30,42,16,0,5,20,26,5,4,20,17,0,2,6,3,0,0,56,29,44,15,4,5,32,20,13,6,19,18,0,6,3,6,0,0
N.Bratchikova,A.Beck,0,65,20,35,8,2,4,24,30,6,2,19,12,0,3,2,0,0,0,72,29,28,14,2,0,14,11,11,6,2,1,0,6,6,0,0,0
K.Zakopalova,D.Hantuchova,1,54,28,46,13,2,4,29,16,8,6,8,5,0,6,6,0,0,0,63,15,37,8,0,3,15,18,10,3,8,5,0,4,3,0,0,0
M.Camerin,D.Cibulkova,0,55,42,45,26,2,6,24,31,9,4,17,9,0,4,6,4,0,0,65,43,35,17,0,5,43,48,14,5,23,18,0,6,4,6,0,0
M.Torro-Flor,I.Begu,1,72,25,28,8,0,4,22,30,15,5,5,3,0,6,6,0,0,0,61,23,39,11,0,2,15,27,5,3,9,8,0,3,4,0,0,0
Kr.Pliskova,J.Cepelova,0,69,16,31,6,6,1,20,29,8,3,12,7,0,4,1,0,0,0,62,24,38,12,2,2,18,15,10,6,8,6,0,6,6,0,0,0
R.Vinci,C.Scheepers,1,57,24,43,14,4,3,23,6,7,5,20,14,0,6,6,0,0,0,52,10,48,7,0,3,16,20,10,1,19,13,0,2,1,0,0,0
Ka.Pliskova,N.Petrova,1,73,33,27,4,13,1,32,6,7,3,5,4,0,6,6,0,0,0,60,20,40,8,6,0,17,11,1,0,9,4,0,3,2,0,0,0
A.Tatishvili,P.Martic,0,67,31,33,13,0,5,19,22,11,3,14,7,0,1,6,3,0,0,59,32,41,14,10,6,29,19,11,5,15,9,0,6,1,6,0,0
B.Zahlavova Strycova,M.Rybarikova,1,62,37,38,14,6,3,35,42,22,8,34,23,0,5,6,6,0,0,64,29,36,16,1,1,31,55,8,3,48,25,0,7,0,1,0,0
A.Pavlyuchenkova,T.Pironkova,0,57,9,43,5,1,4,14,18,1,0,14,6,0,0,1,0,0,0,60,18,40,13,5,0,19,2,9,5,7,4,0,6,6,0,0,0
M.Niculescu,M.Barthel,0,85,46,15,7,0,1,26,22,13,6,48,23,0,3,6,5,0,0,68,39,32,17,1,0,44,39,16,7,66,42,0,6,4,7,0,0
H.Watson,M.Keys,0,53,18,47,13,4,2,11,15,5,2,7,4,0,3,5,0,0,0,63,25,37,10,8,2,23,18,7,5,8,5,0,6,7,0,0,0
T.Babos,M.Johansson,0,51,25,49,15,7,8,19,47,6,4,13,6,0,6,1,3,0,0,59,32,41,17,1,7,19,38,12,7,18,12,0,4,6,6,0,0
A.Radwanska,Y.Meusburger,1,73,24,27,5,5,1,17,8,8,6,14,10,0,6,6,0,0,0,64,7,36,6,0,0,13,18,5,1,17,11,0,1,1,0,0,0
B.Mattek-Sands,A.Kerber,0,55,29,45,10,4,1,26,26,3,2,30,15,0,3,4,0,0,0,58,21,42,13,1,0,15,4,10,5,15,6,0,6,6,0,0,0
K.Kanepi,T.Moore,1,54,48,46,26,12,9,45,46,21,5,13,7,0,7,5,7,0,0,58,58,42,24,4,11,30,36,15,4,14,12,0,5,7,5,0,0
M.Burdette,U.Radwanska,0,74,38,26,10,0,4,42,54,20,8,44,30,0,6,6,2,0,0,68,39,32,15,2,2,26,18,20,9,18,11,0,7,4,6,0,0
R.Oprandi,A.Riske,0,68,34,32,12,2,1,34,22,11,4,13,3,0,7,5,1,0,0,72,50,28,10,2,7,39,35,9,6,64,42,0,6,7,3,0,0
A.Medina Garrigues,S.Peng,0,66,19,34,9,0,0,21,16,6,0,12,11,0,3,2,0,0,0,70,44,30,9,7,1,29,21,4,3,21,13,0,6,6,0,0,0
A.Morita,M.Erakovic,0,75,41,25,8,1,4,17,21,4,1,9,4,0,6,0,5,0,0,59,45,41,15,12,7,40,34,9,4,16,14,0,4,6,7,0,0
M.Duque-Marino,J.Goerges,1,64,48,36,20,4,7,19,25,11,4,13,10,0,6,6,7,0,0,62,47,38,21,3,8,30,46,4,2,29,16,0,4,7,5,0,0
M.Kirilenko,L.Robson,0,60,21,40,10,2,0,8,4,2,1,7,5,0,3,4,0,0,0,53,24,47,16,8,3,31,17,6,3,10,8,0,6,6,0,0,0
A.Schmiedlova,S.Stosur,0,65,24,35,7,2,3,7,15,2,0,4,2,0,1,3,0,0,0,65,25,35,8,5,0,25,10,10,4,26,19,0,6,6,0,0,0
O.Puchkova,A.Rus,1,69,24,31,4,0,7,17,26,10,7,4,3,0,6,6,0,0,0,56,19,44,15,0,7,19,48,5,4,9,6,0,4,2,0,0,0
E.Vesnina,A.Hlavackova,1,73,29,27,7,1,1,21,16,9,6,14,8,0,6,7,0,0,0,79,25,21,6,2,2,19,26,6,3,14,8,0,2,5,0,0,0
S.Lisicki,F.Schiavone,1,60,27,40,11,5,4,25,17,8,4,13,11,0,6,6,0,0,0,54,15,46,11,1,3,6,8,3,0,16,9,0,1,2,0,0,0
A.Cadantu,T.Paszek,1,71,29,29,8,2,3,17,22,8,5,8,4,0,6,7,0,0,0,66,19,34,6,1,6,20,40,5,2,9,8,0,2,5,0,0,0
K.Date-Krumm,C.Witthoeft,1,65,17,35,10,1,0,17,8,8,6,20,16,0,6,6,0,0,0,41,6,59,7,0,4,2,10,2,1,1,0,0,0,2,0,0,0
C.Garcia,J.Zheng,1,64,33,36,11,4,0,22,20,4,2,16,8,0,6,6,0,0,0,70,25,30,10,1,2,13,14,2,0,9,6,0,3,4,0,0,0
S.Williams,M.Minella,1,73,23,27,7,7,1,25,11,6,5,13,9,0,6,6,0,0,0,48,12,52,12,1,1,5,6,1,1,7,3,0,1,3,0,0,0
A.Cornet,S-W.Hsieh,1,64,29,36,14,2,1,20,10,9,4,15,10,0,6,6,0,0,0,53,14,47,9,0,2,13,16,8,1,15,10,0,3,2,0,0,0
B.Jovanovski,K.Flipkens,0,59,24,41,15,3,1,19,17,5,1,11,8,0,4,4,0,0,0,58,27,42,14,7,1,24,9,9,3,10,8,0,6,6,0,0,0
J.Jankovic,V.Dolonc,0,61,23,39,7,1,4,13,26,6,2,17,9,0,5,2,0,0,0,72,33,28,11,2,3,17,18,7,5,16,11,0,7,6,0,0,0
E.Bouchard,A.Ivanovic,1,54,25,46,10,0,2,14,11,7,5,6,5,0,6,6,0,0,0,51,12,49,10,5,3,18,9,5,2,12,6,0,3,3,0,0,0
C.Suarez Navarro,M.Lucic-Baroni,1,59,30,41,16,1,2,16,13,8,5,12,7,0,1,6,6,0,0,56,28,44,16,7,3,30,31,9,4,8,5,0,6,3,3,0,0
G.Muguruza,E.Makarova,0,58,37,42,21,3,6,31,31,9,2,17,12,0,2,7,4,0,0,68,49,32,16,7,2,30,14,11,5,5,4,0,6,6,6,0,0
M.Larcher De Brito,M.Sharapova,1,71,34,29,16,0,2,13,9,6,3,2,1,0,6,6,0,0,0,60,20,40,9,6,5,21,18,7,1,7,5,0,3,4,0,0,0
L.Safarova,K.Knapp,0,65,37,35,19,1,4,21,30,5,4,9,5,0,6,4,4,0,0,67,39,33,14,10,2,25,24,8,5,5,3,0,4,6,6,0,0
C.Giorgi,S.Cirstea,1,53,36,47,20,0,11,21,36,14,5,22,13,0,7,7,0,0,0,58,40,42,16,3,6,19,24,15,5,18,10,0,6,6,0,0,0
M.Bartoli,C.McHale,1,64,38,36,11,1,6,22,17,12,5,16,12,0,7,6,0,0,0,64,26,36,11,4,3,31,20,12,3,13,9,0,5,4,0,0,0
P.Cetkovska,C.Wozniacki,1,71,31,29,7,1,3,30,13,8,4,15,14,0,6,6,0,0,0,69,15,31,8,0,1,6,10,6,0,8,4,0,2,2,0,0,0
S.Stephens,A.Petkovic,1,64,48,36,19,8,4,25,39,7,6,31,14,0,7,2,8,0,0,63,38,37,22,4,2,26,30,16,7,19,13,0,6,6,6,0,0
L.Tsurenko,E.Birnerova,0,48,17,52,17,2,7,12,42,3,1,13,6,0,3,4,0,0,0,55,23,45,19,0,3,10,30,7,3,10,8,0,6,6,0,0,0
M.Puig,S.Soler-Espinosa,1,63,43,37,24,6,1,31,20,9,3,23,17,0,6,5,6,0,0,57,38,43,18,2,4,36,27,6,1,17,13,0,2,7,4,0,0
S.Halep,N.Li,0,71,28,29,8,1,1,18,6,9,3,6,6,0,2,6,0,0,0,73,29,27,7,0,4,24,14,11,6,15,13,0,6,1,6,0,0
K.Zakopalova,A.Beck,1,59,28,41,10,1,7,23,33,18,7,8,7,0,7,6,0,0,0,66,23,34,9,0,4,9,27,14,6,3,2,0,6,3,0,0,0
M.Torro-Flor,D.Cibulkova,0,61,9,39,6,1,1,10,17,0,0,6,3,0,0,1,0,0,0,44,15,56,13,0,3,13,7,9,5,6,4,0,6,6,0,0,0
R.Vinci,J.Cepelova,1,58,47,42,15,6,3,30,30,20,7,59,32,0,6,4,9,0,0,61,37,39,22,0,2,36,29,8,5,37,23,0,1,6,7,0,0
P.Martic,Ka.Pliskova,1,54,24,46,15,5,8,27,23,11,4,21,18,0,7,6,0,0,0,63,28,37,6,5,8,24,27,2,2,20,10,0,6,1,0,0,0
T.Pironkova,B.Zahlavova Strycova,1,68,37,32,10,3,2,25,18,6,2,19,16,0,7,6,0,0,0,64,28,36,15,6,0,20,12,1,0,30,16,0,5,3,0,0,0
M.Keys,M.Barthel,1,65,25,35,12,4,2,18,12,10,3,7,3,0,6,6,0,0,0,74,32,26,8,1,1,11,22,1,0,9,5,0,4,2,0,0,0
A.Radwanska,M.Johansson,1,62,23,38,12,0,1,14,7,9,5,14,10,0,6,6,0,0,0,66,24,34,6,0,6,22,29,4,1,27,18,0,1,3,0,0,0
M.Erakovic,S.Peng,1,58,35,42,15,6,5,24,14,4,2,16,11,0,7,6,0,0,0,74,30,26,9,4,1,17,16,3,0,8,4,0,6,2,0,0,0
O.Puchkova,S.Stosur,0,56,9,44,3,0,5,8,12,4,2,10,6,0,2,2,0,0,0,69,20,31,11,3,2,22,10,6,6,12,12,0,6,6,0,0,0
S.Lisicki,E.Vesnina,1,65,28,35,10,4,1,24,10,6,5,10,8,0,6,6,0,0,0,74,14,26,4,2,2,10,17,4,1,15,5,0,3,1,0,0,0
K.Date-Krumm,A.Cadantu,1,79,32,21,8,1,3,17,21,7,5,25,20,0,6,7,0,0,0,79,30,21,7,0,3,15,10,6,3,11,9,0,4,5,0,0,0
S.Williams,C.Garcia,1,71,25,29,8,9,0,30,9,9,4,11,6,0,6,6,0,0,0,75,24,25,9,3,1,15,5,0,0,14,8,0,3,2,0,0,0
A.Cornet,F.Pennetta,0,56,28,44,19,2,5,24,22,8,5,20,13,0,6,6,2,0,0,56,30,44,16,0,2,23,19,5,4,30,22,0,0,7,6,0,0
V.Dolonc,K.Flipkens,0,65,11,35,8,0,2,14,18,8,4,28,15,0,4,2,0,0,0,63,27,37,8,8,2,29,14,13,7,24,14,0,6,6,0,0,0
C.Suarez Navarro,E.Bouchard,1,66,31,34,13,1,2,25,17,15,6,14,9,0,7,6,0,0,0,56,25,44,15,2,2,24,32,9,3,13,10,0,5,2,0,0,0
P.Kvitova,E.Makarova,0,63,30,37,8,2,4,26,19,8,3,10,8,0,6,2,1,0,0,75,35,25,8,4,1,18,5,11,4,5,4,0,3,6,2,0,0
K.Knapp,M.Larcher De Brito,1,57,32,43,13,14,5,27,17,10,4,7,5,0,7,6,0,0,0,71,28,29,9,0,3,10,14,5,1,4,2,0,5,2,0,0,0
M.Bartoli,C.Giorgi,1,62,26,38,10,1,5,20,12,8,6,8,7,0,6,7,0,0,0,60,21,40,14,0,2,24,18,7,4,27,19,0,4,5,0,0,0
S.Stephens,P.Cetkovska,0,79,32,21,3,2,4,10,17,5,1,10,4,0,7,0,0,0,0,56,23,44,17,0,2,14,15,7,4,14,11,0,6,6,0,0,0
M.Puig,E.Birnerova,0,58,15,42,8,3,2,15,10,4,1,10,7,0,4,1,0,0,0,75,22,25,5,4,2,24,9,5,3,13,11,0,6,2,0,0,0
K.Zakopalova,N.Li,0,62,35,38,14,0,3,15,30,9,4,10,5,0,6,0,6,0,0,69,43,31,15,4,3,28,28,10,7,10,9,0,4,6,8,0,0
R.Vinci,D.Cibulkova,1,56,18,44,17,2,2,18,11,9,5,23,18,0,6,6,0,0,0,64,15,36,9,0,2,14,22,6,2,20,14,0,1,4,0,0,0
T.Pironkova,P.Martic,1,57,34,43,21,1,0,27,20,9,6,24,16,0,6,4,6,0,0,50,20,50,14,3,7,30,27,14,3,40,25,0,1,6,2,0,0
A.Radwanska,M.Keys,1,71,55,29,18,2,1,23,10,18,3,31,20,0,7,4,6,0,0,61,53,39,16,15,1,67,51,10,2,34,22,0,5,6,3,0,0
A.Riske,K.Kanepi,0,60,15,40,8,1,4,12,9,1,1,9,7,0,2,3,0,0,0,53,22,47,13,4,1,24,9,7,4,6,3,0,6,6,0,0,0
L.Robson,M.Erakovic,1,59,35,41,16,5,2,25,20,9,4,11,8,0,1,7,6,0,0,60,37,40,13,12,8,34,15,9,4,11,7,0,6,5,3,0,0
S.Lisicki,S.Stosur,1,68,39,32,13,8,1,34,13,9,4,27,18,0,4,6,6,0,0,61,32,39,15,3,4,20,14,5,1,16,11,0,6,2,1,0,0
S.Williams,K.Date-Krumm,1,64,21,36,8,8,1,28,12,9,6,9,8,0,6,6,0,0,0,64,10,36,9,0,0,8,9,2,1,15,10,0,2,0,0,0,0
K.Flipkens,F.Pennetta,1,60,26,40,14,6,1,31,20,12,6,41,26,0,7,6,0,0,0,66,26,34,11,0,0,20,19,6,4,31,18,0,6,3,0,0,0
P.Kvitova,C.Suarez Navarro,1,70,40,30,10,5,3,23,21,2,2,18,11,0,7,6,0,0,0,66,31,34,11,1,1,10,12,6,1,11,9,0,6,3,0,0,0
M.Bartoli,K.Knapp,1,61,26,39,7,1,7,12,13,7,5,2,2,0,6,6,0,0,0,60,18,40,4,2,2,9,16,2,1,5,1,0,2,3,0,0,0
M.Puig,S.Stephens,0,61,30,39,20,1,0,23,22,8,3,14,8,0,6,5,1,0,0,63,46,37,13,6,6,25,31,12,5,15,7,0,4,7,6,0,0
R.Vinci,N.Li,0,64,12,36,5,0,2,8,4,4,1,13,7,0,2,0,0,0,0,61,21,39,10,0,1,26,10,7,6,19,14,0,6,6,0,0,0
A.Radwanska,T.Pironkova,1,71,47,29,17,3,5,39,11,12,4,48,32,0,4,6,6,0,0,55,37,45,18,5,1,52,27,6,2,46,29,0,6,3,3,0,0
L.Robson,K.Kanepi,0,57,32,43,16,9,4,27,24,3,1,11,7,0,6,5,0,0,0,60,44,40,14,9,5,28,18,5,2,5,3,0,7,7,0,0,0
S.Williams,S.Lisicki,0,62,31,38,16,7,2,25,23,16,5,24,12,0,2,6,4,0,0,61,38,39,20,10,3,35,25,8,5,16,14,0,6,1,6,0,0
P.Kvitova,K.Flipkens,0,72,50,28,11,2,2,41,28,3,2,39,25,0,6,3,4,0,0,62,42,38,17,7,2,23,5,8,3,20,16,0,4,6,6,0,0
S.Stephens,M.Bartoli,0,63,24,37,5,3,3,21,19,8,4,10,8,0,4,5,0,0,0,58,26,42,15,0,3,6,12,12,6,10,4,0,6,7,0,0,0
A.Radwanska,N.Li,1,77,52,23,9,0,5,32,18,16,5,32,21,0,7,4,6,0,0,77,57,23,13,1,4,58,40,10,4,71,48,0,6,6,2,0,0
S.Lisicki,K.Kanepi,1,59,26,41,10,3,4,23,19,5,4,12,9,0,6,6,0,0,0,67,25,33,9,3,3,13,23,2,1,19,9,0,3,3,0,0,0
M.Bartoli,K.Flipkens,1,61,21,39,10,5,3,23,10,7,5,11,11,0,6,6,0,0,0,49,8,51,7,0,1,10,6,2,1,21,8,0,1,2,0,0,0
S.Lisicki,A.Radwanska,1,63,53,37,19,9,7,60,46,14,6,44,32,0,6,2,9,0,0,70,42,30,15,1,0,21,10,14,6,31,16,0,4,6,7,0,0
S.Lisicki,M.Bartoli,0,65,22,35,9,6,5,21,25,8,2,18,11,0,1,4,0,0,0,67,31,33,7,2,6,15,14,13,5,11,9,0,6,6,0,0,0
S Williams,V Azarenka,1,57,44,43,20,9,5,36,35,12,7,13,4,0,7,6,6,0,0,57,31,43,23,2,7,17,27,8,4,15,10,0,5,7,1,0,0
F Pennetta,V Azarenka,0,44,12,56,7,1,3,19,23,6,5,20,12,0,4,2,0,0,0,56,21,44,10,0,6,15,25,13,8,30,20,0,6,6,0,0,0
S Williams,N Li,1,63,26,37,9,4,1,19,20,11,5,11,6,0,6,6,0,0,0,63,20,37,10,0,4,8,24,4,1,19,13,0,0,3,0,0,0
R Vinci,F Pennetta,0,60,21,40,7,0,3,14,28,5,2,34,18,0,4,1,0,0,0,63,23,37,8,3,3,23,17,12,6,14,7,0,6,6,0,0,0
D Hantuchova,V Azarenka,0,58,14,42,5,3,3,19,18,4,3,10,5,0,2,3,0,0,0,60,20,40,9,1,4,17,15,11,7,13,12,0,6,6,0,0,0
E Makarova,N Li,0,60,40,40,18,1,4,15,33,6,4,12,7,0,4,7,2,0,0,68,43,32,14,5,8,44,42,14,7,23,17,0,6,6,6,0,0
A Ivanovic,V Azarenka,0,55,26,45,18,3,8,41,42,13,7,20,8,0,6,3,4,0,0,73,40,27,7,3,9,21,30,19,9,24,16,0,4,6,6,0,0
A Riske,D Hantuchova,0,69,37,31,14,3,1,17,20,2,2,24,12,0,3,7,2,0,0,60,38,40,19,15,2,46,22,7,4,16,12,0,6,5,6,0,0
S Halep,F Pennetta,0,75,22,25,8,1,1,18,32,10,3,15,10,0,2,6,0,0,0,45,23,55,16,2,3,22,23,6,5,22,16,0,6,7,0,0,0
C Giorgi,R Vinci,0,54,18,46,11,2,7,20,35,1,1,16,7,0,4,2,0,0,0,54,19,46,15,6,0,12,9,8,4,5,4,0,6,6,0,0,0
S Williams,S Stephens,1,62,26,38,11,6,4,22,13,10,4,13,9,0,6,6,0,0,0,66,28,34,8,0,4,15,29,2,1,12,6,0,4,1,0,0,0
J Jankovic,N Li,0,66,8,34,3,0,4,7,22,3,2,6,3,0,3,0,0,0,0,58,17,42,8,3,2,20,12,7,7,12,10,0,6,6,0,0,0
C Suarez Navarro,A Kerber,1,78,54,22,9,2,1,45,47,19,7,21,14,0,4,6,7,0,0,68,47,32,12,4,6,30,50,15,7,19,12,0,6,3,6,0,0
A Ivanovic,C McHale,1,60,41,40,18,7,5,45,51,11,6,32,18,0,4,7,6,0,0,64,39,36,14,2,3,22,28,10,5,9,7,0,6,5,4,0,0
C Wozniack,C Giorgi,0,62,34,38,21,2,2,13,27,11,2,10,7,0,6,4,3,0,0,63,47,37,22,3,4,46,45,9,3,34,27,0,4,6,6,0,0
M Kirilenko,S Halep,0,54,9,46,5,1,5,3,24,1,0,8,3,0,1,0,0,0,0,81,23,19,3,3,1,13,8,7,6,5,4,0,6,6,0,0,0
A Cornet,V Azarenka,0,56,44,44,21,9,10,30,44,6,1,18,13,0,7,3,2,0,0,68,48,32,17,2,6,24,38,18,4,30,19,0,6,6,6,0,0
K Knapp,R Vinci,0,58,22,42,8,3,6,17,35,5,3,17,9,0,4,3,0,0,0,51,25,49,16,0,0,14,23,16,5,17,12,0,6,6,0,0,0
P Kvitova,A Riske,0,52,18,48,10,4,7,20,27,0,0,13,8,0,3,0,0,0,0,70,22,30,6,1,2,12,7,9,5,3,3,0,6,6,0,0,0
S Kuznetsova,F Pennetta,0,55,21,45,10,4,3,24,35,8,1,24,16,0,5,1,0,0,0,51,26,49,17,0,1,16,13,8,5,14,9,0,7,6,0,0,0
J Glushko,D Hantuchova,0,73,43,27,10,1,3,27,32,17,8,20,12,0,6,5,6,0,0,61,41,39,21,1,4,32,58,11,7,35,27,0,3,7,7,0,0
L Robson,N Li,0,52,16,48,16,0,5,7,30,2,1,5,3,0,2,5,0,0,0,65,29,35,10,11,6,23,21,7,4,9,9,0,6,7,0,0,0
J Hampton,S Stephens,0,55,14,45,6,0,1,12,34,7,2,17,11,0,1,3,0,0,0,70,25,30,8,2,2,12,15,9,6,8,5,0,6,6,0,0,0
S Williams,Y Shvedova,1,66,28,44,7,6,1,22,16,8,4,13,10,0,6,6,0,0,0,59,14,41,12,0,3,3,21,1,0,13,4,0,3,1,0,0,0
A.Radwanska,A Pavlyuchenkova,1,75,42,25,12,1,1,13,15,5,3,14,7,0,6,7,0,0,0,53,30,47,13,4,3,32,41,10,2,29,19,0,4,6,0,0,0
E Makarova,S Lisicki,1,61,36,39,15,6,3,24,20,8,3,15,11,0,6,7,0,0,0,56,28,44,12,7,3,25,30,6,1,11,9,0,4,5,0,0,0
J Zheng,C Suarez Navarro,0,75,27,25,6,0,4,13,33,3,2,13,8,0,2,4,0,0,0,79,30,21,5,0,2,13,23,11,5,9,7,0,6,6,0,0,0
J Jankovic,K Nara,1,52,31,48,12,3,5,20,23,9,6,28,14,0,6,7,0,0,0,81,30,19,5,0,2,28,27,7,5,26,19,0,4,6,0,0,0
K Kanepi,A Kerber,0,44,17,56,10,1,9,15,29,1,1,7,6,0,0,4,0,0,0,44,17,56,14,2,3,16,9,11,5,6,6,0,6,6,0,0,0
F Pennetta,S Errani,1,58,24,42,11,7,0,33,19,7,6,21,13,0,6,6,0,0,0,93,16,7,1,0,1,12,18,9,2,16,9,0,3,1,0,0,0
S Williams,G Voskoboeva,1,64,21,36,11,4,1,16,13,7,5,8,6,0,6,6,0,0,0,57,16,43,7,3,3,15,19,1,0,10,5,0,3,0,0,0,0
C Wozniacki,C Scheepers,1,76,22,34,6,0,1,14,11,9,6,9,9,0,6,6,0,0,0,55,12,45,5,0,0,11,27,4,2,18,10,0,1,2,0,0,0
E Bouchard,A Kerber,0,47,27,53,27,2,7,41,43,14,6,38,26,0,4,6,3,0,0,68,34,32,14,2,3,28,27,18,7,22,15,0,6,2,6,0,0
A Wozniak,V Azarenka,0,48,10,52,4,0,8,10,35,5,3,10,5,0,3,1,0,0,0,65,25,35,8,3,5,16,19,10,7,8,7,0,6,6,0,0,0
C McHale,E Svitolina,1,66,52,34,21,7,5,34,57,10,3,13,6,0,6,3,7,0,0,59,44,41,20,5,2,27,47,19,2,19,14,0,4,6,5,0,0
A Ivanovic,A Dulgheru,1,64,39,36,12,2,4,18,21,6,4,6,5,0,6,6,0,0,0,79,33,21,5,1,2,10,26,6,0,9,6,0,2,1,0,0,0
P Ormaechea,S Lisicki,0,41,9,59,15,0,4,2,16,6,1,7,1,0,2,3,0,0,0,42,24,58,15,8,6,33,25,6,4,16,7,0,6,6,0,0,0
A Cornet,A Tomljanovic,1,56,28,44,12,4,6,19,19,11,6,15,9,0,6,6,0,0,0,55,13,45,9,0,4,14,39,9,2,15,9,0,2,2,0,0,0
D Hantuchova,V Duval,1,46,14,54,18,2,2,10,18,12,5,5,5,0,6,6,0,0,0,74,21,26,6,0,4,14,27,2,2,7,5,0,2,3,0,0,0
K Nara,S Cirstea,1,80,25,20,8,0,0,12,18,10,6,5,4,0,7,6,0,0,0,58,19,42,6,2,2,14,35,4,3,9,5,0,5,1,0,0,0
A Riske,M Barthel,1,62,26,38,11,0,1,18,12,12,4,15,11,0,6,6,0,0,0,57,21,43,15,5,3,18,21,4,1,26,11,0,4,2,0,0,0
S Kuznetsova,S Peng,1,54,39,46,19,5,3,41,39,13,6,34,22,0,6,4,6,0,0,71,44,29,14,0,1,22,30,7,3,20,15,0,1,6,4,0,0
S Arvidsson,N Li,0,67,18,33,8,1,2,4,19,2,1,3,1,0,2,2,0,0,0,58,19,42,13,4,1,29,17,10,5,17,12,0,6,6,0,0,0
U Radwanska,S Stephens,0,67,10,33,7,0,1,5,15,0,0,10,6,0,1,1,0,0,0,67,20,33,8,2,0,24,11,10,5,16,14,0,6,6,0,0,0
V Williams,J Zheng,0,52,39,48,26,4,6,29,44,14,4,27,17,0,3,6,6,0,0,74,49,26,15,1,3,18,31,13,4,16,11,0,6,2,7,0,0
J Hampton,K Mladenovic,1,56,27,44,15,1,4,23,33,16,6,11,6,0,7,6,0,0,0,59,30,41,14,5,5,27,46,12,4,12,8,0,5,4,0,0,0
C Vandeweghe,C Suarez Navarro,0,47,14,53,10,2,5,18,37,2,2,9,7,0,3,4,0,0,0,82,27,18,7,0,0,6,14,6,4,2,2,0,6,6,0,0,0
L Robson,C Garcia,1,59,28,41,17,8,2,23,21,2,1,5,4,0,6,7,0,0,0,64,31,36,17,7,3,20,23,2,2,10,7,0,4,6,0,0,0
A Barty,A Pavlyuchenkova,0,52,13,48,10,3,2,3,2,0,0,0,0,0,4,0,0,0,0,55,21,45,11,4,2,4,2,5,4,0,0,0,6,6,0,0,0
P Kvitova,M Doi,1,73,47,27,11,3,4,29,29,11,5,16,13,0,6,3,6,0,0,58,21,42,17,1,5,15,23,16,2,6,5,0,2,6,1,0,0
C Wozniacki,Y Duan,1,69,28,31,12,2,3,11,11,14,6,1,1,0,6,7,0,0,0,65,24,35,8,0,4,34,46,10,3,9,8,0,2,5,0,0,0
D Pfizenmaier,V Azarenka,0,67,17,33,4,3,4,15,27,3,0,4,2,0,0,0,0,0,0,51,16,49,12,1,1,14,10,14,6,12,10,0,6,6,0,0,0
O Rogowska,S Errani,0,47,8,53,4,1,6,13,38,2,0,5,4,0,0,0,0,0,0,69,21,31,7,0,2,7,8,8,6,3,3,0,6,6,0,0,0
V Duval,S Stosur,1,63,49,37,19,0,7,23,35,13,6,20,10,0,5,6,6,0,0,63,45,37,17,9,10,29,56,16,5,22,16,0,7,4,4,0,0
A Ivanovic,A Tatishvili,1,62,17,48,11,2,2,16,17,9,7,7,4,0,6,6,0,0,0,63,13,47,4,0,5,8,22,5,2,5,3,0,2,0,0,0,0
J Goerges,C McHale,0,53,32,47,11,3,4,19,33,5,0,15,12,0,4,3,0,0,0,58,28,42,13,1,5,10,13,6,3,7,7,0,6,6,0,0,0
V Lepchenko,A Dulgheru,0,63,38,37,18,2,2,25,55,10,3,17,10,0,7,2,6,0,0,64,51,36,19,0,10,26,42,9,5,19,14,0,6,6,7,0,0
S Kuznetsova,M Burdette,1,63,26,37,12,5,1,15,23,11,4,5,4,0,6,7,0,0,0,68,27,32,15,0,3,15,33,1,1,9,5,0,3,5,0,0,0
B Jovanovski,A Petkovic,1,60,31,40,15,2,5,21,23,9,4,7,6,0,6,6,0,0,0,74,25,26,3,4,5,21,40,10,1,10,8,0,2,4,0,0,0
S Peng,Y Meusburger,1,54,18,46,16,3,0,35,30,14,5,27,18,0,6,6,0,0,0,73,24,27,9,0,4,12,17,5,3,11,7,0,3,4,0,0,0
A Cornet,M Koehler,1,53,19,47,18,0,4,8,20,7,4,6,5,0,6,6,0,0,0,45,21,55,13,1,8,13,47,4,1,3,3,0,3,2,0,0,0
H Watson,S Halep,0,54,29,46,16,1,8,23,60,8,5,15,12,0,6,4,2,0,0,73,40,27,7,5,6,16,42,13,7,5,3,0,4,6,6,0,0
K Flipkens,V Williams,0,46,15,54,7,1,6,16,19,8,1,16,13,0,1,2,0,0,0,52,24,48,12,1,5,21,20,12,6,22,15,0,6,6,0,0,0
A.Radwanska,S.Soler-Espinosa,1,72,26,28,6,3,0,21,13,8,5,0,62,0,6,6,0,0,0,50,10,50,10,1,4,9,19,3,1,0,34,0,1,2,0,0,0
S Williams,F Schiavone,1,51,13,49,12,1,0,13,8,9,6,8,6,0,6,6,0,0,0,43,8,57,5,0,8,3,18,0,0,6,3,0,0,1,0,0,0
O Govortsova,N Li,0,68,22,42,6,3,4,11,17,0,0,6,3,0,2,2,0,0,0,62,19,48,13,6,1,28,13,10,4,13,9,0,6,6,0,0,0
M Minella,S Stephens,0,65,43,35,18,1,2,15,37,15,4,18,10,0,6,3,6,0,0,58,48,42,26,6,6,38,55,9,4,19,13,0,4,6,7,0,0
J Jankovic,M Keys,1,64,28,36,14,1,2,8,21,3,2,15,9,0,6,6,0,0,0,58,19,42,13,4,1,15,32,2,0,13,6,0,3,4,0,0,0
L Robson,L Dominguez Lino,1,57,27,43,7,6,8,33,30,14,7,19,10,0,7,6,0,0,0,60,20,40,8,4,5,10,21,9,3,5,4,0,5,0,0,0,0
J Hampton,L Arruabarrena,1,61,27,39,13,3,3,28,32,7,4,25,20,0,6,6,0,0,0,52,16,48,12,1,4,7,18,6,1,8,4,0,4,2,0,0,0
V Dushevina,S Lisicki,0,54,21,46,14,1,5,11,29,7,3,12,6,0,2,6,0,0,0,43,22,57,22,5,6,30,30,12,5,12,8,0,6,7,0,0,0
P Ormaechea,K Date-Krumm,1,59,32,41,10,2,5,24,35,13,6,8,5,0,6,7,0,0,0,69,28,31,6,0,3,14,43,9,4,14,9,0,3,6,0,0,0
K Pliskova,E Bouchard,0,53,48,47,21,6,4,35,51,7,2,23,16,0,6,4,5,0,0,72,45,28,16,5,2,26,29,13,3,13,10,0,4,6,7,0,0
L Hradecka,A Kerber,0,49,17,51,4,3,7,20,31,0,0,6,4,0,1,1,0,0,0,50,16,50,14,0,1,11,6,8,5,6,5,0,6,6,0,0,0
L Davis,C Suarez Navarro,0,63,12,37,3,0,4,6,26,2,0,4,0,0,0,0,0,0,0,78,21,22,4,1,1,9,12,12,6,10,8,0,6,6,0,0,0
K Mladenovic,A Medina Garrigues,1,51,29,49,15,8,1,49,41,25,7,30,19,0,6,1,6,0,0,61,32,39,11,1,2,21,29,13,4,14,7,0,1,6,1,0,0
