V1,V2,V3,V4,V5,V6,V7,V8,V9,V10,V11,V12,V13,V14,V15,label
a,91,0.5,u,g,q,h,1.5,t,f,0,f,g,76,824,Y
b,127,1.54,u,g,w,v,3.75,t,t,5,t,g,3,3,Y
b,45,5.625,u,g,w,v,1.71,t,f,0,f,s,10,0,Y
b,170,4,u,g,m,v,2.5,t,f,0,t,g,98,0,Y
b,181,1.04,u,g,r,h,6.5,t,f,0,t,g,27,31285,Y
b,312,0.5,y,p,k,h,3.96,t,f,0,f,g,36,314,Y
b,257,4.915,y,p,w,v,3.165,t,f,0,t,g,142,1442,Y
b,66,0.83,u,g,c,h,2.165,f,f,0,t,g,12,0,Y
a,222,6,u,g,k,v,1,t,f,0,t,g,2,0,Y
b,284,6.04,u,g,k,v,0.04,f,f,0,f,g,2,2690,Y
a,272,10.5,u,g,q,v,5,t,t,7,t,g,2,0,Y
b,213,4.415,y,p,k,v,0.25,t,t,10,t,g,88,0,Y
b,131,0.875,u,g,m,v,0.96,t,t,3,t,g,110,0,Y
a,80,5.875,u,g,q,v,3.17,t,t,10,f,g,10,245,Y
a,36,8.585,u,g,cc,h,0.75,t,t,7,f,g,169,0,Y
b,96,11.25,u,g,c,v,2.5,t,t,17,f,g,42,1208,Y
b,80,1,u,g,c,v,0.835,t,f,0,f,s,82,0,Y
a,282,8,u,g,c,v,7.875,t,t,6,t,g,2,1260,Y
a,123,14.5,u,g,x,h,3.085,t,t,1,f,g,10,11,Y
a,246,6.5,u,g,q,v,0.5,t,t,3,t,g,20,0,Y
a,276,13,u,g,i,bb,5.165,t,t,9,t,g,2,0,Y
b,320,18.5,u,g,d,bb,15,t,t,17,t,g,2,0,Y
b,324,8.5,u,g,e,h,7,t,t,3,f,g,2,0,Y
b,254,1.04,u,g,w,v,5,t,t,6,t,g,138,10000,Y
b,140,14.79,u,g,aa,v,5.04,t,t,5,t,g,29,0,Y
b,253,9.79,u,g,x,h,7.96,t,t,8,f,g,2,0,Y
b,293,7.585,u,g,i,bb,7.585,t,t,15,t,g,2,5000,Y
a,214,5.125,u,g,e,v,5,t,f,0,t,g,2,4000,Y
a,72,10.75,u,g,q,v,0.415,t,t,5,t,g,2,560,Y
b,127,1.5,u,g,w,v,2,t,t,11,t,g,123,35,Y
b,121,1.585,u,g,cc,h,1.835,t,t,12,t,g,148,713,Y
a,77,11.75,u,g,x,h,0.5,t,t,2,t,g,82,551,Y
b,126,0.585,y,p,cc,v,0.25,t,t,2,f,g,69,500,Y
b,313,9.415,u,g,ff,ff,14.415,t,t,11,t,g,81,300,Y
b,190,9.17,u,g,c,v,4.5,t,t,12,t,g,2,221,Y
b,138,15,u,g,c,h,5.335,t,t,11,f,g,2,2283,Y
b,144,1.415,u,g,w,h,0.75,t,t,1,f,g,63,100,Y
b,236,13.915,u,g,w,v,8.625,t,t,6,t,g,154,0,Y
b,311,6.75,u,g,c,h,2.625,t,t,11,t,g,2,284,Y
a,245,2.04,y,p,q,h,0.125,t,t,23,t,g,129,1236,Y
b,168,4.46,u,g,cc,h,6.04,t,t,3,f,g,85,300,Y
b,249,1.54,u,g,i,bb,3.5,f,f,0,f,g,51,0,Y
b,86,0.665,u,g,c,v,0.165,f,f,0,f,g,3,0,Y
a,105,0.5,u,g,c,h,0.875,t,f,0,t,g,136,0,Y
b,108,1,u,g,q,v,1.75,t,f,0,t,g,76,0,Y
b,198,2.5,u,g,w,v,0,t,f,0,t,g,61,200,Y
b,191,3,u,g,cc,h,7.415,t,f,0,t,g,2,0,Y
b,81,11.625,y,p,w,v,0.835,t,f,0,t,g,25,300,Y
b,267,0.5,u,g,i,h,5,t,f,0,t,g,88,0,Y
b,200,4.5,u,g,x,h,5.75,f,f,0,t,s,155,0,Y
b,263,3,u,g,q,h,6,t,t,11,f,g,161,0,Y
b,321,12.25,u,g,m,v,1.25,t,t,4,t,g,42,0,Y
b,165,16.165,u,g,d,v,3,t,t,9,f,g,64,730,Y
a,82,0.79,y,p,q,v,1.5,t,t,2,t,g,161,400,Y
a,48,0.835,u,g,q,v,1.585,t,t,1,f,g,2,0,Y
b,115,4.25,u,g,cc,v,4.29,t,t,1,t,g,10,0,Y
b,190,1.54,u,g,cc,v,1.54,t,t,1,t,g,143,50000,Y
a,205,1,u,g,c,v,2,t,t,11,f,g,2,456,Y
b,102,0.375,u,g,m,v,0.25,t,t,3,f,g,69,15108,Y
b,38,6.5,u,g,w,h,1.46,t,t,7,f,g,161,2954,Y
b,200,25.125,u,g,x,h,1.625,t,t,1,t,g,140,500,Y
b,173,7.5,u,g,e,bb,1.585,t,f,0,t,s,118,0,N
b,197,4,u,g,d,bb,12.5,t,f,0,t,g,1,0,N
a,225,5,u,g,cc,v,13.5,t,f,0,t,g,170,0,N
b,266,0.5,u,g,m,v,10.75,t,f,0,f,s,113,0,N
b,268,7,y,p,c,v,1.625,f,f,0,f,g,25,2,N
b,189,6.5,u,g,aa,v,0.125,t,f,0,t,g,125,0,N
a,36,0.585,y,p,aa,v,0.585,t,f,0,t,g,25,0,N
b,61,1.165,y,p,k,v,2.5,t,t,1,f,g,36,20,N
b,59,9.75,u,g,c,v,0.25,t,f,0,f,g,17,0,N
b,294,19,u,g,ff,ff,0,t,t,1,f,g,168,0,N
a,125,1.5,u,g,m,v,2,t,f,0,f,s,99,0,N
b,237,0.5,u,g,m,v,0.25,t,f,0,f,s,77,0,N
a,1,3.5,u,g,d,v,3,t,f,0,t,g,82,0,N
b,121,0.625,u,g,aa,v,0.455,t,f,0,t,g,42,0,N
b,215,4,u,g,c,bb,5,t,f,0,t,s,76,0,N
b,1,0.375,u,g,d,v,0.875,t,f,0,t,s,166,0,N
b,104,2.21,y,p,aa,v,4,t,f,0,f,g,39,0,N
b,188,4.5,u,g,aa,v,1,t,f,0,t,g,63,0,N
a,291,1.5,u,g,j,j,0,t,f,0,t,g,3,27,N
b,336,12.75,y,p,c,h,5,t,f,0,f,g,7,0,N
b,163,15.5,u,g,c,v,0.5,t,f,0,f,g,10,0,N
b,1,5,y,p,aa,v,8.5,t,f,0,f,g,2,0,N
b,305,1.375,y,p,c,h,9.46,t,f,0,t,g,42,100,N
b,137,1.5,y,p,c,v,1.5,t,f,0,t,g,2,225,N
b,77,0.625,y,p,aa,v,0.125,t,f,0,f,g,36,1,N
b,1,0.5,u,g,c,bb,0.835,t,f,0,t,s,88,0,N
a,71,11,y,p,q,v,3,t,f,0,t,g,71,0,N
b,218,1.75,y,p,c,bb,0.25,t,f,0,t,g,27,400,N
b,31,5,u,g,q,v,0.375,t,t,2,f,g,2,38,N
b,96,12,u,g,k,v,2.25,t,t,2,t,g,10,5,N
b,314,15.5,u,g,e,z,0,t,t,20,f,g,22,130,N
b,137,1.165,u,g,k,v,0.5,t,f,0,f,s,76,0,N
a,96,11,y,p,aa,v,4.5,t,f,0,f,g,10,0,N
b,244,2.25,y,p,x,h,10,t,f,0,t,g,34,0,N
a,42,0.75,u,g,c,v,0.795,t,t,5,t,g,17,5,N
b,139,3.5,u,g,w,v,3.5,t,t,3,t,g,89,0,N
a,91,1.04,y,p,ff,ff,0.5,t,t,3,f,g,36,147,N
b,92,12.5,u,g,w,v,0.875,t,f,0,t,g,69,0,N
a,186,0.75,u,g,k,bb,1,t,t,3,t,g,50,0,N
b,50,1.25,y,p,c,h,1.375,t,t,3,t,g,17,210,N
a,101,1.125,u,g,q,v,1.29,t,t,2,f,g,42,0,N
b,220,7,u,g,q,h,11.5,t,t,7,t,g,82,5,N
b,307,6.5,u,g,k,v,6.29,t,t,15,f,g,2,11202,Y
b,326,7.04,u,g,m,v,14,t,t,6,t,g,98,1332,Y
a,51,10.335,u,g,cc,h,0.335,t,t,1,t,g,161,50,Y
b,238,6.21,u,g,q,v,0.04,t,t,1,f,g,42,300,Y
b,104,12.5,u,g,cc,v,1.21,t,t,67,t,g,17,258,Y
a,93,12.5,u,g,aa,v,1.5,t,t,12,t,g,10,567,Y
a,265,6.665,u,g,q,v,7.375,t,t,3,t,g,2,0,Y
a,83,9,u,g,q,v,8.5,t,t,5,t,g,10,0,Y
b,198,5,u,g,x,h,7.5,t,t,6,t,g,2,1000,Y
b,74,11,u,g,q,v,2.5,t,t,7,t,g,3,809,Y
b,192,4.25,u,g,i,bb,3.25,t,t,2,f,g,73,610,Y
b,342,5.5,u,g,e,z,13,t,t,1,t,g,2,0,Y
b,48,1.835,u,g,c,v,2.25,t,t,1,f,g,3,150,Y
a,280,8,u,g,e,bb,6.5,t,t,6,f,g,104,51100,Y
b,208,5,u,g,c,bb,2.5,t,t,6,f,g,2,367,Y
b,289,6.5,u,g,q,h,6,t,f,0,t,g,95,0,Y
b,238,0.54,y,p,aa,v,0.5,t,t,3,f,g,42,1000,Y
a,33,9.5,u,g,w,v,1.625,t,t,6,t,g,112,600,Y
a,161,3.75,u,g,cc,h,0.625,t,t,9,t,g,37,0,Y
a,319,16,u,g,j,ff,0,t,t,15,f,g,2,247,Y
b,260,0.29,y,p,cc,h,1.75,t,t,8,f,g,3,375,Y
b,69,11,u,g,w,v,2,t,t,1,f,g,161,278,Y
b,121,1.665,u,g,cc,h,5.085,t,t,9,f,g,111,827,Y
b,177,2.5,u,g,cc,h,2.75,t,t,6,f,g,25,2072,Y
b,80,1.5,u,g,q,v,2.375,t,t,3,t,g,2,582,Y
a,241,7.54,y,p,q,h,8,t,t,14,f,g,2,2300,Y
a,154,6.5,u,g,c,bb,4,t,t,7,t,g,2,3065,Y
a,308,15,u,g,c,v,5.5,t,t,14,f,g,2,2200,Y
a,275,0.46,u,g,cc,h,0.415,t,t,11,t,g,124,6,Y
a,327,10,u,g,q,v,4,t,t,14,f,g,2,1602,Y
b,216,6.5,u,g,m,h,4.25,t,t,12,t,g,167,0,Y
b,78,2.5,u,g,c,v,1.085,t,t,11,t,g,149,2184,Y
a,61,11.5,y,p,j,j,0,t,t,11,t,g,2,0,Y
a,134,3.04,y,p,x,h,2.54,t,t,1,f,g,154,0,Y
b,128,2,u,g,k,h,4.165,t,t,2,t,g,37,0,Y
b,189,0.08,y,p,m,bb,0.04,t,t,1,t,g,76,2000,Y
b,264,2,u,g,m,v,1.75,t,t,2,t,g,2,15,Y
b,97,1.71,u,g,x,v,1.665,t,t,1,t,g,109,20,Y
b,169,1.75,y,p,e,h,0.04,t,f,0,t,g,108,0,Y
a,334,16.5,u,g,q,v,11,t,f,0,t,g,47,10561,Y
a,243,10,u,g,q,h,1.75,t,f,0,f,g,78,837,Y
b,37,9.5,u,g,q,v,1,t,f,0,t,g,149,400,Y
a,173,0.54,u,g,cc,v,0.04,t,f,0,f,g,124,11177,Y
b,213,3.25,u,g,q,h,9,t,f,0,t,g,4,639,Y
b,247,0,u,g,c,bb,15,t,f,0,f,g,2,0,Y
b,317,12.5,u,g,k,h,8,t,f,0,t,g,62,2028,Y
a,295,13.585,u,g,k,h,8.5,t,f,0,t,g,2,0,Y
b,73,10.5,u,g,q,h,1.335,t,f,0,f,g,3,0,Y
b,96,12.5,u,g,aa,v,3,t,f,0,t,s,41,0,Y
a,109,8.665,u,g,aa,v,1.415,t,f,0,f,g,25,150,Y
a,28,9.25,u,g,q,v,1.21,t,t,4,f,g,149,540,Y
b,45,8.17,u,g,aa,v,1.96,t,t,14,f,g,149,158,Y
b,281,0.29,u,g,c,bb,15,t,t,20,f,g,2,15000,Y
a,56,2.335,u,g,i,bb,0.5,t,t,4,f,s,161,0,Y
a,50,3,u,g,q,v,0.165,t,t,3,f,g,3,6,Y
a,323,19.5,u,g,c,v,5.5,t,t,7,f,g,2,3000,Y
a,70,5.665,u,g,q,v,2.585,t,t,7,f,g,13,3257,Y
b,290,8.5,u,g,c,h,12.5,t,t,9,f,g,37,1655,Y
b,239,6.5,u,g,aa,bb,3.5,t,t,1,f,g,2,500,Y
b,242,5,u,g,c,v,5,t,t,7,f,g,2,3065,Y
b,57,10.5,u,g,c,v,3,t,f,0,t,g,2,0,Y
b,253,0.205,u,g,i,h,5.125,t,f,0,f,g,113,0,Y
b,251,0.96,u,g,x,v,2.5,t,f,0,f,g,139,600,Y
b,73,1.585,y,p,w,v,3.085,t,t,6,f,g,161,0,Y
b,193,4.04,y,p,i,bb,8.5,t,t,7,t,g,40,0,Y
b,131,5.04,y,p,c,bb,1.5,t,t,8,t,g,19,7,Y
b,181,3.165,y,p,x,v,3.165,t,t,3,t,g,105,0,Y
b,285,7.625,u,g,w,h,15.5,t,t,12,f,g,2,790,Y
b,124,2.04,y,p,aa,v,2,t,t,3,t,g,101,560,Y
b,72,10.04,u,g,x,v,0.04,t,t,9,f,g,149,396,Y
a,87,0.5,u,g,q,h,1.25,t,t,1,f,g,2,678,Y
a,247,1,u,g,i,bb,2.25,t,f,0,t,g,2,300,Y
b,94,2.75,u,g,c,v,2.25,t,t,6,f,g,1,600,Y
a,51,10.25,u,g,q,v,0.71,t,t,2,t,g,135,0,Y
b,209,2.125,y,p,w,v,0.085,t,t,1,f,g,137,1187,Y
a,202,12,u,g,q,h,14,t,t,8,f,g,2,6590,Y
b,200,2.5,u,g,k,v,4.5,t,t,7,f,g,21,1270,Y
b,235,4.25,u,g,c,bb,6.5,t,t,16,f,g,9,1210,Y
b,233,5.875,u,g,cc,h,10,t,t,14,t,g,111,0,Y
b,333,14.5,u,g,ff,ff,18,t,t,15,t,g,2,1000,Y
b,78,11.5,u,g,i,v,3.5,t,t,9,f,g,146,742,Y
b,115,2.71,y,p,cc,v,5.25,t,t,1,f,g,49,0,Y
b,285,3.5,u,g,aa,v,3.5,t,f,0,f,s,58,0,Y
b,246,4.04,u,g,cc,h,7,t,t,8,f,g,88,0,Y
b,316,11.5,u,g,ff,ff,5,t,t,5,f,g,2,8851,Y
b,310,9.625,u,g,e,v,8.665,t,t,5,f,g,2,0,Y
a,34,9.25,y,p,c,v,1,t,t,4,t,g,161,500,Y
b,341,11,u,g,e,z,20,t,t,7,t,g,52,0,Y
a,19,9,u,g,aa,v,1.375,t,f,0,t,g,2,0,Y
a,33,9.54,u,g,aa,v,0.085,t,f,0,f,g,3,0,Y
a,220,5.5,u,g,q,v,0.125,t,f,0,t,g,57,0,Y
b,80,4,u,g,c,bb,0.25,t,f,0,t,g,25,0,Y
b,24,5.5,u,g,k,v,0.5,t,f,0,f,g,161,0,Y
a,71,8.46,y,p,x,v,2.46,f,f,0,f,g,27,0,Y
b,41,0.375,u,g,q,v,2,t,t,2,t,g,161,0,Y
b,98,3.5,u,g,cc,v,0.625,t,t,7,f,g,2,7059,Y
a,280,3,u,g,x,v,13.875,t,t,2,t,g,141,1704,Y
b,183,1.75,u,g,x,h,4.5,t,t,4,t,g,66,857,Y
b,125,13.75,u,g,w,v,5.75,t,f,0,t,g,134,500,Y
a,328,21,u,g,i,bb,10,t,t,13,f,g,2,6700,Y
b,57,7.5,u,g,aa,v,1.415,t,t,1,f,g,161,9800,Y
b,259,4.625,u,g,q,v,4.58,t,f,0,f,s,2,0,Y
b,221,10.125,u,g,x,v,2.5,t,t,6,f,g,143,196,Y
b,49,10,y,p,c,v,2.5,t,f,0,f,s,112,0,Y
b,286,25.085,u,g,w,v,1.75,t,t,3,f,g,10,14,Y
b,29,2,u,g,i,v,1.5,t,t,2,f,g,10,300,Y
b,181,3.04,y,p,c,h,2.04,t,t,1,t,g,36,18027,Y
b,269,8.5,u,g,cc,h,14,t,t,1,t,g,164,2000,Y
a,41,0.21,u,g,q,h,0.29,t,t,11,f,g,161,99,Y
?,91,12.75,u,g,c,bb,4.75,t,t,2,f,g,157,444,Y
b,63,11,u,g,x,v,0.29,t,t,6,f,g,11,0,Y
b,240,21.5,u,g,e,z,20,t,t,11,f,g,2,1200,Y
b,248,5,u,g,q,h,5,t,t,6,t,g,132,0,Y
a,21,11,u,g,x,h,1,t,t,11,f,g,2,3000,Y
b,79,11.125,u,g,x,h,0.46,t,t,1,f,g,3,0,Y
b,1,0.625,u,g,k,v,0.25,f,f,0,f,g,105,2010,N
b,25,10.25,u,g,c,h,1.085,f,f,0,f,g,88,13,N
b,43,11.045,u,g,c,v,2,f,f,0,t,g,16,0,N
b,43,0,u,g,d,v,0.5,f,f,0,f,g,19,0,N
a,51,9.54,u,g,i,v,0.04,f,f,0,f,g,42,1000,N
a,91,1.75,y,p,c,v,0.165,f,f,0,f,g,15,0,N
b,176,2.335,u,g,d,h,5.75,f,f,0,t,g,80,0,N
a,304,0,y,p,ff,ff,0,f,f,0,f,g,2,0,N
a,285,1.335,u,g,i,o,0.335,f,f,0,f,g,2,120,N
a,48,10.5,y,p,x,h,0,f,f,0,t,g,23,32,N
b,298,0.585,u,g,ff,ff,0,f,f,0,f,g,20,0,N
b,14,0.085,y,p,c,v,0.04,f,f,0,f,g,17,722,N
b,27,1.21,y,p,e,dd,0,f,f,0,f,g,3,0,N
a,169,6,u,g,d,v,1.25,f,f,0,f,g,72,0,N
b,332,1.54,u,g,q,v,0.125,t,f,0,t,g,69,0,Y
b,23,0.165,u,g,q,n,0.21,f,f,0,f,g,42,40,Y
b,219,0,?,?,?,?,0,f,f,0,f,p,1,0,Y
b,173,2.5,u,g,c,v,1.25,f,f,0,t,g,76,0,N
b,156,2.5,u,g,cc,h,2.25,f,f,0,t,s,92,0,N
b,30,5.71,u,g,d,v,0.54,f,f,0,f,g,10,0,N
a,25,10,y,p,q,h,0.165,f,f,0,f,g,92,0,N
b,92,13.5,y,p,ff,ff,0,f,f,0,f,g,1,0,N
b,86,0.585,y,p,cc,h,0.125,f,f,0,f,g,63,1,N
b,20,4.46,u,g,c,v,0.25,f,f,0,f,s,161,0,N
a,12,1.25,u,g,q,v,0.25,f,t,1,f,g,5,98,N
b,19,10,u,g,w,h,0.165,f,t,1,f,g,10,1,N
b,142,0.58,u,g,w,v,0.29,f,t,1,f,g,92,2803,N
b,33,0.415,y,p,c,v,0.165,f,t,1,f,g,42,1,N
a,62,1.75,y,p,j,j,0,f,f,0,f,g,25,0,N
b,77,0.75,u,g,m,v,0.5,f,f,0,t,s,88,0,N
a,26,10,u,g,w,v,1,f,t,1,f,g,10,1,N
b,101,0.54,u,g,w,v,0.165,f,t,1,f,g,72,444,N
b,204,2.415,u,g,w,v,0.125,f,t,2,f,g,53,1,N
a,8,0.335,u,g,ff,ff,0,f,t,1,f,g,25,126,N
b,344,9,u,g,ff,ff,4,f,t,1,f,g,154,6,N
b,178,2.5,u,g,aa,v,1.75,f,t,2,t,g,156,0,N
b,11,2.75,u,g,aa,v,0.665,f,t,1,f,g,161,21,N
b,67,12.125,u,g,c,v,3.335,f,t,2,t,g,36,173,N
a,325,2,u,g,ff,ff,6.5,f,t,1,f,g,2,10,N
b,26,0.165,u,g,d,v,0.25,f,f,0,t,s,76,0,N
b,82,1,u,g,c,v,0.5,f,f,0,t,s,76,0,N
a,93,13.665,u,g,q,h,1.5,f,f,0,f,g,76,1,N
b,290,26.335,y,p,ff,ff,0,t,f,0,t,g,2,0,N
b,83,2.75,u,g,ff,ff,4.5,f,f,0,f,g,25,25,N
b,30,10.29,u,g,ff,ff,0.415,f,f,0,f,g,161,0,N
a,166,3,y,p,j,j,0,f,f,0,f,g,25,20,N
a,94,4.5,u,g,w,v,1,f,f,0,t,g,98,6,N
b,35,1.75,y,p,c,v,2.335,f,f,0,t,g,7,6,N
a,11,0.21,u,g,aa,v,0.125,f,f,0,f,g,42,1,N
a,30,10,u,g,d,v,0.415,f,f,0,f,g,161,42,N
b,10,0,y,p,aa,v,0.25,f,f,0,f,g,149,0,N
b,77,0.75,u,g,m,v,0.5,t,f,0,t,s,88,0,N
b,18,22,l,gg,ff,o,0,f,f,0,t,p,127,100000,Y
b,36,0,y,p,m,bb,0,f,f,0,t,s,138,1,Y
b,214,0.125,y,p,c,v,1.5,f,f,0,t,g,60,113,Y
b,56,1.5,u,g,w,v,1.5,f,f,0,f,g,21,8,Y
a,24,0.375,l,gg,cc,ff,10,f,f,0,t,s,82,0,Y
a,185,0.375,u,g,cc,v,0.375,f,f,0,f,g,82,44,Y
b,289,0.205,y,p,k,v,0.25,t,t,11,f,g,105,2732,Y
b,185,1.25,u,g,w,v,1.165,f,f,0,f,g,10,0,N
a,142,1.085,y,p,x,v,1,f,f,0,f,g,76,13,N
b,150,1.085,y,p,c,v,0.04,f,f,0,f,g,31,179,N
?,243,3.5,u,g,i,bb,0.5,f,f,0,f,s,8,0,N
b,197,2.5,y,p,w,v,3,f,f,0,f,s,42,0,N
b,1,4,y,p,i,v,0.085,f,f,0,t,g,116,0,N
b,48,0,?,?,?,?,0,f,f,0,f,p,1,0,N
a,182,2.5,y,p,c,v,2.5,f,f,0,t,g,2,2,N
a,99,12.5,u,g,d,v,1,f,f,0,t,g,36,1062,N
b,196,2.5,u,g,cc,bb,0.5,f,f,0,f,g,93,0,N
b,125,0.75,u,g,q,h,0.165,f,f,0,t,g,53,251,N
b,279,6.5,u,g,c,v,1,f,f,0,t,g,2,228,N
a,197,1.25,y,p,i,h,0.5,f,f,0,t,g,25,0,N
a,182,3,y,p,aa,v,2,f,f,0,f,g,36,0,N
b,128,3,u,g,w,v,0.75,f,f,0,t,g,82,67,N
a,230,4,u,g,c,v,3,f,f,0,f,g,133,0,N
b,258,4.085,u,g,aa,v,0.04,f,f,0,f,g,5,100,N
b,118,2.25,u,g,i,bb,0.5,f,f,0,t,g,152,4000,N
b,186,2.75,u,g,i,bb,0,f,f,0,f,g,36,0,N
b,228,1.75,u,g,k,v,0.5,f,f,0,t,g,82,2,N
b,337,7,u,g,e,z,0,f,f,0,f,g,2,12,N
b,116,4.5,y,p,c,bb,2.5,f,f,0,f,g,42,1210,N
b,338,0.54,u,g,c,v,0.585,t,t,3,t,g,36,0,N
b,127,1.5,u,g,w,v,2.25,f,t,1,t,g,3,3,N
a,110,2,u,g,j,j,0,f,f,0,t,g,74,1,N
b,67,0.585,y,p,ff,ff,0,f,f,0,f,g,3,0,N
b,157,1.585,u,g,d,v,0.585,f,f,0,t,s,2,0,N
b,213,2,u,g,i,v,0.25,f,f,0,t,g,54,0,N
b,246,1.335,u,g,d,v,0.165,f,f,0,f,g,29,0,N
a,39,0.165,u,g,q,v,0.04,f,f,0,t,g,105,0,N
b,174,3,u,g,d,v,0.165,f,f,0,t,g,10,0,N
a,214,4.71,u,g,ff,ff,0,f,f,0,f,g,25,0,N
a,151,5.5,u,g,k,v,5.5,f,f,0,t,s,3,0,N
b,78,2.5,u,g,ff,ff,0.085,f,f,0,t,g,3,4208,N
b,117,0.54,u,g,k,ff,0,f,f,0,f,g,3,0,N
b,90,2,u,g,e,dd,0.165,f,t,2,f,g,88,1300,N
b,259,1.25,u,g,m,v,13.875,f,t,1,t,g,96,112,N
a,74,6.165,u,g,aa,v,0.165,f,f,0,f,g,53,1000,N
b,234,1.71,y,p,m,v,0.165,f,f,0,f,s,113,0,N
a,84,11.5,y,p,k,h,3,f,f,0,t,g,41,16,N
b,58,0.75,y,p,r,n,0.75,f,f,0,t,g,15,2,N
b,179,2.5,y,p,w,v,7,f,f,0,t,g,76,0,N
b,112,13,u,g,e,dd,0,f,f,0,t,g,17,1110,N
a,269,4.585,u,g,k,h,1,f,f,0,t,s,63,0,N
b,111,1.54,u,g,w,v,0.125,f,f,0,f,g,3,0,N
?,130,0.585,u,g,aa,v,0.04,f,f,0,f,g,69,1004,N
a,52,0.5,y,p,e,dd,1,f,f,0,f,g,69,0,N
b,136,14.5,u,g,d,v,0.125,f,f,0,f,g,2,286,N
b,50,0.835,y,p,c,v,2,f,f,0,t,s,63,0,N
b,192,1.335,u,g,i,bb,0.125,f,f,0,t,g,124,4500,N
b,184,0.25,u,g,i,bb,4,f,f,0,t,s,118,0,N
b,262,5,u,g,i,bb,2.25,f,f,0,t,g,18,0,N
a,73,7,u,g,c,v,0.165,f,f,0,f,g,25,0,N
a,89,2.5,y,p,i,bb,4.5,f,f,0,f,g,42,456,N
a,322,4.25,y,p,ff,ff,5,f,f,0,t,g,2,4,N
b,66,11.46,u,g,k,v,1.585,f,f,0,t,g,3,1212,N
b,188,5.5,y,p,c,v,1.5,f,f,0,t,g,149,0,N
b,72,1.5,y,p,aa,v,0.54,f,f,0,t,g,10,67,N
b,55,0,u,g,c,v,0.5,f,f,0,t,s,2,0,N
b,115,14.585,u,g,i,bb,0,f,f,0,t,g,35,0,N
b,76,0.17,u,g,m,v,0.085,f,f,0,f,s,2,0,N
b,3,7,u,g,e,v,1,f,f,0,f,g,150,0,N
b,238,5,u,g,i,bb,0.21,f,f,0,f,g,145,0,N
b,123,12.5,u,g,aa,bb,0.25,f,f,0,t,g,156,0,N
b,93,0.54,u,g,m,v,1,f,f,0,t,g,10,1,N
b,246,1.25,y,p,w,v,0.25,f,f,0,f,g,2,195,N
a,180,1.625,u,g,d,v,0.54,f,f,0,t,g,2,0,N
b,146,2.04,y,p,x,h,0.04,f,f,0,f,g,12,1,N
a,84,0.585,y,p,ff,ff,0.125,f,f,0,f,g,10,87,N
b,110,12.5,y,p,k,h,1.25,f,f,0,t,g,2,17,N
b,51,5.085,y,p,j,v,0.29,f,f,0,f,g,17,184,N
b,138,0.375,u,g,c,v,0.29,f,f,0,f,g,53,140,N
a,303,6.5,u,g,i,bb,3.085,f,f,0,t,g,157,0,N
a,73,0.335,u,g,q,v,0.75,f,f,0,f,s,25,0,N
a,345,6,u,g,ff,ff,0,f,f,0,f,s,2,0,N
a,241,8.125,y,p,k,v,0.165,f,t,2,f,g,1,18,N
a,40,0.665,y,p,c,v,1,f,t,1,f,g,43,2,N
b,7,3.125,u,g,w,v,0.085,f,t,1,f,g,2,6,N
b,14,0.25,u,g,q,v,0.335,f,t,4,f,g,25,8,N
b,98,3,u,g,c,v,1.25,f,t,1,f,g,2,22,N
a,73,0.79,u,g,i,v,0.085,f,f,0,f,g,19,0,N
b,242,1.5,u,g,i,bb,0,f,f,0,f,s,82,0,N
b,68,0.46,u,g,k,v,0.125,f,f,0,t,g,76,55,N
a,68,1.25,y,p,ff,ff,3.25,f,f,0,f,g,76,0,N
b,84,1.79,u,g,c,v,0.54,f,f,0,t,g,16,1,N
b,224,0.705,u,g,c,v,0.375,f,t,2,f,g,56,500,N
a,114,2.54,y,p,ff,ff,0,f,f,0,t,g,36,60,N
b,199,2.5,u,g,i,v,1,f,f,0,t,g,48,0,N
b,48,1.085,u,g,q,v,1.5,f,f,0,f,g,5,7,N
b,141,1.25,u,g,w,v,1.75,f,f,0,f,g,42,0,N
b,110,0.835,u,g,cc,v,1.165,f,f,0,f,g,3,0,N
b,92,1.25,u,g,c,v,0.25,f,f,0,f,g,6,0,N
a,125,2.04,u,g,w,v,0.25,f,f,0,t,g,36,50,N
b,218,0.835,u,g,e,v,0.04,f,f,0,f,g,10,5,N
b,292,2.29,u,g,ff,ff,0.29,f,f,0,f,g,42,3,N
b,184,0.335,y,p,cc,v,0.085,f,f,0,f,g,36,0,N
b,302,3,y,p,ff,ff,1.5,f,f,0,f,g,36,4,N
b,76,3.165,y,p,c,v,0.165,f,f,0,f,g,25,1058,N
b,63,1.54,u,g,k,v,0.085,f,f,0,t,g,97,0,N
b,99,1,u,g,aa,v,0.5,f,f,0,f,g,42,0,N
b,329,2.71,u,g,c,v,2.415,f,f,0,t,g,88,0,N
b,35,0,y,p,ff,ff,0,f,t,4,f,g,126,1,N
b,40,0.585,u,g,ff,ff,0,f,t,3,f,g,95,769,N
b,107,0.875,u,g,k,v,0.375,f,t,2,t,g,33,3,N
b,78,0,u,g,k,v,1,f,t,11,f,s,2,0,N
b,236,5,u,g,ff,ff,0,f,t,2,f,g,30,1,N
b,155,2.71,y,p,m,v,0.125,f,f,0,t,s,161,0,N
b,15,3,u,g,k,v,0.04,f,f,0,t,g,25,40,N
a,20,0,y,p,j,ff,0,f,f,0,f,g,163,0,N
b,12,0.125,u,g,c,v,0.165,f,f,0,f,g,15,0,N
a,122,1.665,u,g,ff,ff,0,f,f,0,f,g,92,1,N
b,161,1.125,u,g,ff,ff,0,f,t,1,f,g,169,19,N
b,1,3,y,p,i,bb,7,f,f,0,f,g,2,1,N
b,235,1.625,u,g,c,v,1.5,f,f,0,f,g,2,316,N
b,211,4.25,u,g,q,v,3.5,f,f,0,f,g,128,50,N
?,145,0.665,u,g,w,v,0.25,f,f,0,t,g,82,0,N
b,306,1.5,u,g,d,v,3.75,f,f,0,t,g,2,350,N
b,207,18.125,u,g,w,v,0.085,f,f,0,f,g,88,3552,N
b,194,0,?,?,?,?,0,f,f,0,f,p,1,0,N
b,144,0.75,y,p,c,v,0.04,f,f,0,f,g,63,0,N
b,104,0.29,y,p,c,v,1.5,f,f,0,t,g,25,0,N
a,91,2.415,y,p,c,v,0,f,f,0,f,g,10,0,N
b,87,0.875,u,g,m,v,0.085,f,t,4,f,g,67,1950,N
b,64,0.5,u,g,c,v,0.125,f,f,0,f,g,98,0,N
a,212,0.29,u,g,ff,ff,0,f,t,10,f,g,42,18,N
a,77,1.835,u,g,j,j,0,f,t,1,f,g,42,53,N
a,124,3,u,g,m,v,2.79,f,t,1,t,g,76,10,N
b,160,3.085,u,g,c,v,2.5,f,t,2,t,g,25,41,N
a,153,1.375,u,g,w,h,0.04,f,t,3,f,g,2,33,N
b,66,2.335,u,g,k,v,0.75,f,f,0,f,g,36,0,N
b,11,4.085,u,g,i,h,0.415,f,f,0,t,g,10,0,N
a,64,11.665,u,g,k,h,0.085,f,f,0,f,g,88,5,N
b,54,4.125,y,p,i,h,0.04,f,f,0,f,g,17,100,N
b,17,6.5,u,g,i,v,0.125,f,f,0,f,g,149,100,N
b,36,4,y,p,i,v,1,f,f,0,t,g,98,1000,N
b,50,0.415,u,g,c,v,0.125,f,f,0,f,g,2,44,N
b,116,2,u,g,d,v,0.75,f,f,0,t,g,161,0,N
b,84,0.835,u,g,i,h,0.085,f,f,0,t,g,53,5,N
b,74,11.5,u,g,i,v,0.415,f,f,0,f,g,2,0,N
a,13,0.5,u,g,i,v,0.165,f,t,6,t,g,63,35,N
a,16,9.5,u,g,aa,v,1.75,f,t,10,t,g,2,10,N
b,85,0.415,y,p,c,v,0.04,f,t,2,f,g,12,6,N
b,195,1.08,u,g,m,v,1.165,f,f,0,f,s,75,0,N
b,348,19,y,p,ff,ff,0.04,f,t,2,f,g,2,351,N
b,130,0.125,y,p,k,v,0.085,f,f,0,f,g,51,2100,N
b,91,13.335,y,p,aa,v,0.04,f,f,0,t,g,10,475,N
b,33,3.54,y,p,ff,ff,0,f,f,0,t,g,36,1,N
?,271,1,u,g,q,v,0.125,f,f,0,t,g,70,0,N
a,278,0.75,u,g,q,h,2.75,t,t,1,f,g,91,892,Y
a,49,11.835,u,g,c,h,6,t,f,0,f,g,92,0,Y
a,33,4.415,y,p,c,h,3,t,f,0,f,g,63,0,Y
b,36,9.5,u,g,w,v,1.5,t,f,0,f,g,10,2206,Y
b,45,9.25,u,g,c,v,1.665,t,t,3,t,g,112,28,Y
b,105,0.5,u,g,c,v,1.46,t,t,5,t,g,86,0,Y
b,48,7,u,g,c,v,1.625,t,t,3,f,g,42,1391,Y
b,1,4,u,g,x,v,5,t,t,3,t,g,79,2279,Y
b,229,5,u,g,cc,v,3.5,t,t,10,t,g,2,0,Y
b,131,5.125,u,g,x,v,4.75,t,t,2,f,g,118,7,Y
a,137,3.75,u,g,c,v,1.085,t,t,1,t,g,102,0,Y
b,162,19.5,u,g,c,v,7,t,t,16,f,g,2,5000,Y
a,34,9,u,g,aa,v,0.75,t,t,2,f,g,164,591,Y
a,93,3,u,g,q,h,1.835,t,t,19,f,g,2,500,Y
a,156,12,u,g,c,v,2,t,t,1,f,g,53,19,Y
b,53,4.79,y,p,w,v,2.25,t,t,1,t,g,161,300,Y
a,273,4,u,g,j,j,0,t,f,0,f,g,3,960,Y
a,267,0,u,g,c,v,2.5,t,f,0,f,g,2,0,Y
b,46,9.96,u,g,e,dd,0,t,f,0,f,g,2,0,Y
b,73,2.54,y,p,c,h,2.585,t,f,0,f,g,2,0,Y
b,1,10.5,u,g,x,v,6.5,t,f,0,f,g,2,0,Y
b,8,0.75,u,g,c,v,1.75,t,t,5,t,g,96,690,Y
a,130,0.375,u,g,q,v,0.585,t,t,4,f,g,161,0,Y
b,231,1.71,u,g,x,v,0.125,t,t,5,t,g,133,0,Y
?,48,7.5,u,g,k,v,1.5,t,t,1,f,g,25,234,Y
a,148,5.29,u,g,e,dd,2.25,t,t,5,t,g,171,500,Y
b,75,3,u,g,m,v,1.29,t,t,1,f,g,69,800,Y
a,71,8.5,u,g,q,v,1.75,t,t,10,f,g,161,990,N
a,135,1.665,u,g,q,v,2.415,t,f,0,t,g,124,0,N
b,270,1.5,u,g,c,v,2.5,t,f,0,t,g,17,0,N
b,250,1.75,u,g,k,v,0.21,t,f,0,f,g,25,0,N
b,263,25.21,u,g,q,h,0.21,t,t,1,f,g,160,90,N
a,100,2.085,u,g,c,h,2.75,t,f,0,t,g,98,1,N
a,92,0.67,u,g,aa,h,1.75,t,f,0,f,g,113,0,N
b,262,2.25,u,g,i,bb,0.75,t,f,0,f,g,147,0,N
b,244,0.835,u,g,ff,ff,0,t,f,0,f,g,14,1,N
b,167,2.5,u,g,aa,v,7.5,t,f,0,t,g,144,0,N
a,95,1.25,u,g,ff,ff,0,t,f,0,f,g,161,0,N
b,201,3.165,u,g,x,h,3.75,t,f,0,t,g,153,0,N
b,191,1.75,u,g,w,bb,0.25,t,f,0,t,g,26,0,N
b,350,5.5,u,g,?,?,0.54,t,f,0,f,g,2,340,N
b,38,1.5,y,p,cc,v,2,t,f,0,t,g,3,20,N
b,258,3,u,g,i,bb,1,t,f,0,f,g,2,200,N
b,41,10,y,p,k,h,0.835,t,f,0,t,g,17,0,N
b,209,3.79,u,g,w,v,1.165,t,f,0,t,g,42,0,N
b,149,1.04,y,p,i,bb,0.5,t,t,10,t,g,15,28,N
b,266,11,y,p,d,v,1.5,t,f,0,f,s,2,0,N
b,84,0.46,y,p,w,v,2.625,t,t,6,t,g,46,347,N
b,86,1.5,u,g,d,h,1.875,t,t,6,f,g,42,327,Y
b,181,1,u,g,x,v,0.75,t,t,7,t,g,92,4071,Y
b,287,12,u,g,m,v,16,t,f,0,f,s,6,0,Y
b,299,10,u,g,i,bb,0,t,t,11,f,g,2,1249,Y
b,196,15,u,g,r,n,5.375,t,t,9,t,g,2,134,Y
b,225,3.335,u,g,w,v,4,t,t,14,f,g,107,1344,Y
a,70,11.25,y,p,x,h,0.75,t,t,4,f,g,2,321,Y
b,252,0.42,u,g,c,h,0.21,t,t,6,f,g,53,948,Y
a,171,1.46,u,g,w,v,1.085,t,t,16,f,g,10,2079,Y
b,300,0.04,u,g,x,h,0.04,t,f,0,f,g,2,3000,Y
a,75,2.29,u,g,q,h,2.29,t,t,7,t,g,17,2384,Y
a,96,12.33,u,g,cc,h,3.5,t,t,6,f,g,113,458,Y
b,116,1.125,u,g,x,h,1.25,t,f,0,f,g,2,5298,Y
b,81,1.5,u,g,c,h,1.415,t,f,0,f,g,119,200,Y
b,90,12.335,u,g,q,h,1.585,t,f,0,t,g,10,0,Y
b,255,5.04,u,g,q,h,12.75,t,f,0,t,g,165,0,Y
b,78,11.5,u,g,w,h,2.125,t,t,11,t,g,79,284,Y
b,261,0.375,y,p,c,v,0.375,t,t,8,t,g,82,162,Y
a,204,0.915,u,g,aa,v,0.75,t,t,4,f,g,2,1583,Y
b,53,3,y,p,d,v,1.085,t,t,8,t,g,25,1,Y
b,64,0.54,y,p,x,v,0.04,t,t,1,t,g,162,59,Y
a,340,14,u,g,ff,ff,0,t,t,11,t,g,2,1400,Y
a,47,10,u,g,c,h,1,t,t,4,f,g,137,1465,Y
b,172,0.165,y,p,c,h,3.25,t,t,1,t,g,122,8000,Y
b,98,6,u,g,c,v,1,t,t,3,f,g,2,0,Y
b,231,1.625,u,g,c,v,1.5,t,t,10,f,g,38,4700,Y
b,230,6,u,g,m,v,1.29,t,t,5,t,g,5,1097,Y
b,288,4.25,u,g,m,v,0.125,t,f,0,t,g,56,0,Y
b,175,9,y,p,w,h,5.25,t,f,0,t,g,23,0,Y
b,339,20,u,g,x,h,17.5,t,t,9,t,g,2,1000,Y
b,301,15,u,g,c,v,8.5,t,t,9,f,g,2,0,Y
b,100,0.58,u,g,c,v,0.29,t,t,7,t,g,169,5124,Y
b,119,0.75,u,g,c,h,4.25,t,t,3,t,g,86,150,Y
b,79,0,?,?,?,?,0,f,f,0,f,p,1,0,Y
b,190,5.25,u,g,w,v,0.085,f,f,0,t,g,79,6,Y
b,226,0.21,u,g,k,v,0.085,t,f,0,t,g,76,0,Y
b,105,0.75,u,g,c,bb,0.25,t,f,0,f,g,94,23,Y
a,274,3,u,g,c,v,2.375,t,t,8,t,g,110,4159,Y
?,44,0.125,u,g,q,v,1,f,t,1,f,g,63,768,Y
b,49,2.415,u,g,c,v,2,t,t,11,t,g,42,3000,Y
a,142,0.46,u,g,k,v,0.54,t,t,4,f,g,105,500,Y
?,256,1.75,y,p,?,?,0,f,f,0,t,g,21,1,N
b,146,1.25,y,p,k,v,0.25,f,f,0,f,g,55,0,N
b,44,0.25,u,g,q,v,0.125,f,f,0,f,g,42,0,N
b,82,0.585,u,g,c,h,0.085,t,f,0,f,g,36,0,N
a,143,1.75,y,p,k,v,1.25,f,f,0,t,g,76,0,N
b,9,0.04,u,g,c,v,0.04,f,f,0,f,g,2,0,Y
b,173,3.5,u,g,k,v,0.5,f,f,0,t,g,60,0,N
b,1,0.04,y,p,d,v,4.25,f,f,0,t,g,130,0,N
b,43,1.25,y,p,k,v,0.125,f,f,0,f,g,17,4,N
b,124,3.25,y,p,q,h,5.085,f,t,2,t,g,100,1,N
b,65,0.79,u,g,w,v,0.29,f,t,1,f,g,118,283,N
b,141,1.25,u,g,c,h,0.25,f,t,2,t,g,113,108,N
b,73,0.75,u,g,i,v,1.585,f,t,1,t,g,113,9,N
b,172,14,y,p,ff,ff,0,f,t,2,f,g,25,1,N
b,28,10.415,y,p,aa,v,0.125,t,f,0,f,g,10,375,N
b,67,2.25,u,g,i,v,0.125,f,f,0,f,g,25,10,N
b,73,0.165,u,g,c,j,2.25,f,f,0,t,s,2,0,Y
a,103,0,?,?,?,?,0,f,f,0,f,p,1,0,Y
b,33,0,u,g,q,v,0.665,f,f,0,f,g,25,1,N
b,85,12,u,g,c,v,2.085,f,f,0,f,s,161,0,N
b,65,7.835,y,p,i,bb,0.165,f,f,0,t,g,1,0,N
b,206,2.54,u,g,ff,ff,0,f,f,0,f,g,2,1000,N
b,140,13,u,g,d,h,0.5,f,f,0,f,g,57,0,N
a,40,0.665,u,g,w,v,1.665,f,f,0,f,g,53,5,N
a,76,1.25,u,g,q,v,0.25,f,f,0,t,g,10,809,N
a,121,0.29,u,g,m,h,0.125,f,t,1,t,g,72,108,N
a,227,1.5,u,g,ff,ff,0,f,f,0,f,g,159,0,N
b,174,2.165,y,p,k,ff,0,f,f,0,f,g,10,0,N
a,85,0.71,u,g,w,v,0.25,f,t,1,t,g,63,4,N
b,25,2.46,u,g,c,n,0.96,f,t,2,t,g,25,587,N
b,39,9.585,u,g,aa,v,0.79,f,f,0,f,g,161,350,N
b,135,3.625,u,g,aa,v,0.25,f,f,0,t,g,3,0,N
b,203,0.75,u,g,k,v,1.5,f,f,0,t,g,59,0,N
?,181,2.25,y,p,cc,v,3.5,f,f,0,t,g,42,141,N
b,164,0.75,y,p,aa,v,3.5,f,f,0,t,g,88,0,N
a,307,7,u,g,aa,h,3,f,f,0,f,g,2,0,N
b,207,0.42,y,p,w,v,0.29,f,f,0,t,g,84,2,N
b,216,2.665,u,g,cc,v,0.165,f,f,0,t,g,2,501,N
a,52,8.5,u,g,c,v,0.165,f,f,0,f,g,2,351,N
b,87,9,u,g,aa,v,0.25,f,f,0,t,g,2,0,N
b,103,0.335,u,g,k,h,3.5,f,f,0,t,g,92,0,N
a,200,3.75,u,g,ff,ff,0,f,t,6,f,g,2,200,N
b,284,3.75,u,g,i,bb,1,f,f,0,f,g,3,2,N
a,71,0.415,u,g,i,v,0.335,f,f,0,t,s,19,0,N
b,59,11.5,u,g,i,v,0.5,t,f,0,t,g,3,68,N
a,84,0.83,u,g,q,v,0.415,f,t,1,t,g,42,11,N
a,54,5,y,p,ff,ff,0,f,f,0,f,g,2,0,N
b,104,3.25,u,g,c,h,2.29,f,t,1,t,g,117,21,N
a,228,1.665,u,g,aa,v,0.25,f,f,0,f,g,2,390,N
a,4,0.375,u,g,c,v,1,f,f,0,f,g,10,18,N
a,135,3.75,u,g,c,v,0.25,f,t,1,t,g,112,154,N
b,146,3.5,u,g,c,v,0.165,f,f,0,f,g,51,0,N
a,83,1.5,u,g,w,v,0.875,f,f,0,t,g,25,0,N
b,170,4,y,p,cc,v,1.5,f,f,0,t,g,10,0,N
b,160,1.5,y,p,w,v,0.04,f,f,0,f,s,25,0,N
b,167,0.04,y,p,m,v,0.04,f,f,0,f,g,2,0,N
a,62,11.75,u,g,c,v,0.25,f,f,0,t,g,36,0,N
a,22,0.54,u,g,c,v,1.75,f,t,1,t,g,161,5,N
b,152,0.5,u,g,d,h,0.085,f,f,0,t,s,65,0,N
b,302,2.04,y,p,ff,ff,1.5,f,f,0,f,g,10,1,N
b,277,5.835,u,g,w,v,5.5,f,f,0,f,g,131,150,N
b,106,12.835,u,g,cc,v,0.5,f,f,0,f,g,2,2,N
a,297,0.835,u,g,aa,v,0.5,f,f,0,t,g,63,117,N
?,142,2,y,p,e,h,2,f,f,0,f,g,68,17,N
a,216,2.5,u,g,i,h,0.21,f,f,0,f,g,69,246,N
a,250,1.04,u,g,aa,v,0.665,f,f,0,f,g,63,237,N
a,155,10.665,u,g,q,h,0.085,f,t,12,t,g,13,3,N
a,22,10.21,u,g,ff,ff,0,f,f,0,f,g,2,50,N
a,44,1.25,u,g,c,v,0,f,f,0,f,g,2,0,N
b,39,0.29,u,g,k,v,0.29,f,f,0,f,g,76,364,N
b,127,1,y,p,d,h,3,f,f,0,f,g,34,537,N
b,242,3.29,u,g,m,v,3.5,f,f,0,t,s,113,0,N
b,54,10.085,y,p,e,h,1.25,f,f,0,f,g,69,0,N
a,73,0.75,u,g,c,v,2,f,t,2,t,g,42,394,N
b,22,0.205,u,g,aa,v,0.04,f,f,0,f,g,76,750,N
b,199,3.375,u,g,c,h,8.29,f,f,0,t,g,2,0,N
